id,session_id,event_type,product_id,order_id,timestamp
"e6ac432d-3458-49df-b8ea-692b89e0723d","session-391","add_to_cart","ad931533-71ec-4192-bbfe-2f640401b177",,"""2025-11-18T00:45:31.531Z"""
"211454ad-eb7d-4166-a4fe-3d21e6059c2d","session-428","add_to_cart","ad931533-71ec-4192-bbfe-2f640401b177",,"""2025-11-19T06:55:55.837Z"""
"3b7ce034-e5a1-454d-b7a5-99c040f29663","session-440","add_to_cart","ad931533-71ec-4192-bbfe-2f640401b177",,"""2025-11-20T06:52:36.052Z"""
"b9728f54-00c9-4f75-8b50-a7ce607295dc","session-492","add_to_cart","ad931533-71ec-4192-bbfe-2f640401b177",,"""2025-11-12T02:50:56.623Z"""
"ffe43f0e-4199-45d5-a9ea-6786e7b85a5f","session-452","add_to_cart","ad931533-71ec-4192-bbfe-2f640401b177",,"""2025-11-21T22:54:41.451Z"""
"11b1a703-936c-47ff-b45f-85f3d3221c63","session-432","add_to_cart","ad931533-71ec-4192-bbfe-2f640401b177",,"""2025-11-18T14:36:10.967Z"""
"72bd2e07-2e5f-47bf-a445-d53203ace933","session-325","add_to_cart","ad931533-71ec-4192-bbfe-2f640401b177",,"""2025-11-30T04:43:09.943Z"""
"9d9837ce-f0a0-4313-abc5-77be5438152f","session-439","add_to_cart","ad931533-71ec-4192-bbfe-2f640401b177",,"""2025-11-06T15:20:04.178Z"""
"f6c4f015-5756-48f7-9c1a-cf4227667359","session-186","add_to_cart","ad931533-71ec-4192-bbfe-2f640401b177",,"""2025-11-29T03:53:12.477Z"""
"3f2a51f5-10eb-4e54-bb04-db22d0ea1731","session-145","add_to_cart","ad931533-71ec-4192-bbfe-2f640401b177",,"""2025-11-08T02:14:49.565Z"""
"608b1444-c799-43a0-92fd-4cb5309aecef","session-408","add_to_cart","ad931533-71ec-4192-bbfe-2f640401b177",,"""2025-12-02T16:23:24.210Z"""
"e07a6a9f-3a24-4f19-b394-5afe7fa2d86d","session-384","add_to_cart","ad931533-71ec-4192-bbfe-2f640401b177",,"""2025-11-27T09:40:58.185Z"""
"e1a2617b-393c-482e-a40d-3fda44c49576","session-386","add_to_cart","ad931533-71ec-4192-bbfe-2f640401b177",,"""2025-11-08T00:59:59.838Z"""
"75089500-96be-45d4-ab3f-82a6069e1392","session-224","add_to_cart","ad931533-71ec-4192-bbfe-2f640401b177",,"""2025-11-19T07:26:35.635Z"""
"7b680666-9c2f-429f-b6f5-a11fe9463b8b","session-357","add_to_cart","ad931533-71ec-4192-bbfe-2f640401b177",,"""2025-11-22T06:35:40.118Z"""
"5d63a701-f061-4994-b6c0-77c2c535a884","session-145","add_to_cart","ad931533-71ec-4192-bbfe-2f640401b177",,"""2025-11-19T15:09:24.953Z"""
"5579f324-af7a-4234-88e2-a731f64ccc05","session-346","add_to_cart","ad931533-71ec-4192-bbfe-2f640401b177",,"""2025-11-20T02:16:54.733Z"""
"4a10ff70-d608-40a6-9b00-1ed3c7401500","session-234","add_to_cart","ad931533-71ec-4192-bbfe-2f640401b177",,"""2025-11-12T17:01:21.825Z"""
"b724b024-b4e7-4b05-a1da-40ddc1b7ade9","session-71","add_to_cart","ad931533-71ec-4192-bbfe-2f640401b177",,"""2025-12-01T06:57:36.902Z"""
"3c9fe2e6-4e10-42f4-8fe8-5398c36dc7da","session-345","add_to_cart","ad931533-71ec-4192-bbfe-2f640401b177",,"""2025-11-16T10:50:18.123Z"""
"120edbf0-5f80-4b35-a52c-df36453fb8e7","session-364","add_to_cart","ad931533-71ec-4192-bbfe-2f640401b177",,"""2025-11-23T02:37:59.280Z"""
"22c7717f-f35f-4e5d-9e01-9b133424c7da","session-219","add_to_cart","ad931533-71ec-4192-bbfe-2f640401b177",,"""2025-11-17T17:22:32.725Z"""
"4ef540e0-abc1-4c15-8a81-b159d284b3dd","session-187","add_to_cart","ad931533-71ec-4192-bbfe-2f640401b177",,"""2025-11-09T07:09:20.555Z"""
"a31c90a3-f9aa-46dd-bdd9-cde5ad6f0ad4","session-233","add_to_cart","ad931533-71ec-4192-bbfe-2f640401b177",,"""2025-11-10T03:21:33.014Z"""
"585e97f0-9eb9-444f-a9f5-956e037e9a98","session-191","add_to_cart","ad931533-71ec-4192-bbfe-2f640401b177",,"""2025-11-29T00:26:00.859Z"""
"03176d19-8fe5-4674-ac80-149a83eee02b","session-84","add_to_cart","ad931533-71ec-4192-bbfe-2f640401b177",,"""2025-11-23T18:07:04.983Z"""
"93e9b159-fae8-4b0c-a585-f5c754287366","session-218","add_to_cart","ad931533-71ec-4192-bbfe-2f640401b177",,"""2025-11-15T06:01:19.812Z"""
"16cccbaf-9c92-4a8d-a298-e925529445f4","session-223","add_to_cart","ad931533-71ec-4192-bbfe-2f640401b177",,"""2025-12-01T01:01:40.362Z"""
"df2fe326-4e77-4af0-aa31-47861c16506e","session-231","add_to_cart","ad931533-71ec-4192-bbfe-2f640401b177",,"""2025-11-29T20:51:46.418Z"""
"ca632009-927c-4ffa-9a79-e0c89de804b9","session-251","add_to_cart","ad931533-71ec-4192-bbfe-2f640401b177",,"""2025-12-02T01:36:03.715Z"""
"88f01b2e-b584-4fb8-ae49-46f19c502cee","session-414","add_to_cart","ad931533-71ec-4192-bbfe-2f640401b177",,"""2025-11-05T08:34:10.766Z"""
"45d6fc24-8b62-45e7-9643-4f7f5ff3ba9f","session-168","add_to_cart","ad931533-71ec-4192-bbfe-2f640401b177",,"""2025-11-23T06:54:29.827Z"""
"2bcd98fa-bef1-4cd6-adbe-bb92f735a828","session-46","add_to_cart","ad931533-71ec-4192-bbfe-2f640401b177",,"""2025-11-30T19:52:01.278Z"""
"0c798888-cb5a-4807-b934-1514d4940ecc","session-33","add_to_cart","ad931533-71ec-4192-bbfe-2f640401b177",,"""2025-12-01T02:10:06.073Z"""
"e59ea63a-c900-45df-bac2-ac3b1f95d8a6","session-372","add_to_cart","ad931533-71ec-4192-bbfe-2f640401b177",,"""2025-11-24T21:20:50.870Z"""
"7abde5be-b5a4-4c1e-a8fb-e20bd42657b6","session-135","add_to_cart","ad931533-71ec-4192-bbfe-2f640401b177",,"""2025-11-11T01:44:53.278Z"""
"b5f8a7a6-39f0-47e7-93cd-0d655e52419b","session-50","add_to_cart","ad931533-71ec-4192-bbfe-2f640401b177",,"""2025-11-16T10:26:29.765Z"""
"518095a4-9784-479b-b5c1-f8571b19a944","session-226","add_to_cart","ad931533-71ec-4192-bbfe-2f640401b177",,"""2025-11-19T03:01:57.062Z"""
"ddb50e25-a62f-4636-82d8-7704bb00e73d","session-442","add_to_cart","ad931533-71ec-4192-bbfe-2f640401b177",,"""2025-11-10T10:11:49.972Z"""
"59fa9127-ca00-472d-84f2-ae50f850941c","session-247","add_to_cart","ad931533-71ec-4192-bbfe-2f640401b177",,"""2025-11-14T05:54:24.805Z"""
"78b5fb87-9476-4ce6-a126-a6e4f27310ec","session-377","add_to_cart","ad931533-71ec-4192-bbfe-2f640401b177",,"""2025-11-15T07:45:14.198Z"""
"d3a126fb-0314-4a71-b984-f0b30edfd600","session-93","add_to_cart","ad931533-71ec-4192-bbfe-2f640401b177",,"""2025-11-29T05:59:04.334Z"""
"26edecc9-84fd-42d9-ba07-4ced3f1df5df","session-266","add_to_cart","ad931533-71ec-4192-bbfe-2f640401b177",,"""2025-11-06T07:54:30.200Z"""
"7a47f747-603d-45d3-b092-049591f6af41","session-141","add_to_cart","ad931533-71ec-4192-bbfe-2f640401b177",,"""2025-11-07T17:53:00.091Z"""
"dfd3babb-6837-4121-989c-9f731a83af08","session-39","add_to_cart","ad931533-71ec-4192-bbfe-2f640401b177",,"""2025-12-01T04:54:09.646Z"""
"34a7ad62-ae05-4c3c-8735-633e02271f9a","session-422","add_to_cart","ad931533-71ec-4192-bbfe-2f640401b177",,"""2025-11-28T05:40:51.430Z"""
"d858cd4c-5600-42e4-8613-2960363cb3cb","session-239","add_to_cart","ad931533-71ec-4192-bbfe-2f640401b177",,"""2025-11-24T22:37:02.574Z"""
"a5243769-13cd-496a-8f43-a936239521cf","session-175","add_to_cart","ad931533-71ec-4192-bbfe-2f640401b177",,"""2025-11-11T15:40:05.689Z"""
"5976ecbd-6ec9-4894-94f7-533af5df42fb","session-268","add_to_cart","ad931533-71ec-4192-bbfe-2f640401b177",,"""2025-11-06T14:27:08.990Z"""
"20964a20-e3fb-4b6a-be9e-35168a27f3f8","session-32","add_to_cart","ad931533-71ec-4192-bbfe-2f640401b177",,"""2025-11-09T09:50:04.934Z"""
"4242add9-609d-4ef1-9730-6b68ffb054d9","session-340","add_to_cart","ad931533-71ec-4192-bbfe-2f640401b177",,"""2025-11-19T02:05:11.769Z"""
"abcd8d99-c4df-4bc8-bf76-6c01e659afda","session-339","add_to_cart","ad931533-71ec-4192-bbfe-2f640401b177",,"""2025-11-12T20:34:36.486Z"""
"0914f6f8-cebb-4396-b150-6168c8b8eab3","session-38","add_to_cart","ad931533-71ec-4192-bbfe-2f640401b177",,"""2025-11-27T13:24:57.639Z"""
"5df15b21-1161-44fe-8180-a61c55a95f92","session-53","add_to_cart","ad931533-71ec-4192-bbfe-2f640401b177",,"""2025-11-23T03:50:03.677Z"""
"5a422fc9-f873-4cca-b66c-f5c190f7d989","session-459","add_to_cart","ad931533-71ec-4192-bbfe-2f640401b177",,"""2025-11-26T04:39:58.764Z"""
"7483dd39-de96-4d28-a673-75edcacb22f2","session-117","add_to_cart","ad931533-71ec-4192-bbfe-2f640401b177",,"""2025-11-21T19:42:41.799Z"""
"64eeb70f-e956-4dc6-8c8c-4a5d3489f912","session-476","add_to_cart","ad931533-71ec-4192-bbfe-2f640401b177",,"""2025-11-30T01:52:42.103Z"""
"84118bb0-367a-42cb-82ef-12f212ec0d5c","session-413","add_to_cart","ad931533-71ec-4192-bbfe-2f640401b177",,"""2025-11-05T08:34:34.904Z"""
"f13ecf31-ad63-4fe9-823a-89cf9585ce79","session-85","add_to_cart","ad931533-71ec-4192-bbfe-2f640401b177",,"""2025-11-14T03:06:34.610Z"""
"bd433f52-c644-4986-a451-267e217859cc","session-154","add_to_cart","ad931533-71ec-4192-bbfe-2f640401b177",,"""2025-11-27T18:26:52.738Z"""
"26fdb895-6661-4bfd-a631-f3b75b117328","session-118","add_to_cart","ad931533-71ec-4192-bbfe-2f640401b177",,"""2025-11-17T09:29:39.539Z"""
"a28cdce5-1b4e-4447-88ff-c4a6ac62e1ed","session-353","add_to_cart","ad931533-71ec-4192-bbfe-2f640401b177",,"""2025-11-16T09:20:10.155Z"""
"0ff1f343-5785-4b65-85b1-94338f192ab1","session-305","add_to_cart","ad931533-71ec-4192-bbfe-2f640401b177",,"""2025-11-24T02:33:29.065Z"""
"747288e4-b6ac-47f7-b6b4-f45677ab5e30","session-287","add_to_cart","ad931533-71ec-4192-bbfe-2f640401b177",,"""2025-11-25T10:27:18.958Z"""
"7130c045-5672-420c-b0a2-f47a1f19865e","session-211","add_to_cart","ad931533-71ec-4192-bbfe-2f640401b177",,"""2025-11-10T10:20:26.077Z"""
"1b8d0142-d1ca-4ca0-a572-ccd61ef3b39f","session-84","add_to_cart","ad931533-71ec-4192-bbfe-2f640401b177",,"""2025-11-26T11:25:09.990Z"""
"a0c9b45a-996f-4755-8230-bbc4bf46be10","session-342","add_to_cart","ad931533-71ec-4192-bbfe-2f640401b177",,"""2025-11-26T16:09:18.793Z"""
"687d7046-98ea-4497-84a8-39009e140644","session-206","add_to_cart","ad931533-71ec-4192-bbfe-2f640401b177",,"""2025-11-14T07:10:43.439Z"""
"57cc7a92-4672-4f1a-acdd-805a89688353","session-432","add_to_cart","ad931533-71ec-4192-bbfe-2f640401b177",,"""2025-11-08T19:03:22.763Z"""
"c67bcf58-5382-41f4-8253-58bccb56ce96","session-294","add_to_cart","ad931533-71ec-4192-bbfe-2f640401b177",,"""2025-11-17T12:49:57.758Z"""
"ba6ef9d2-3d83-4622-9d99-19694b60276c","session-88","add_to_cart","ad931533-71ec-4192-bbfe-2f640401b177",,"""2025-11-16T09:35:54.614Z"""
"257b99bc-e52c-4f23-9960-0119115f2759","session-432","add_to_cart","ad931533-71ec-4192-bbfe-2f640401b177",,"""2025-12-01T04:49:11.863Z"""
"1e792cd7-3d98-4a15-9f8d-4f4303ba58e6","session-166","add_to_cart","ad931533-71ec-4192-bbfe-2f640401b177",,"""2025-11-22T05:22:18.326Z"""
"f14aefc8-e91a-4abe-b098-20846a61a8ef","session-96","add_to_cart","ad931533-71ec-4192-bbfe-2f640401b177",,"""2025-12-01T12:44:51.156Z"""
"4055e07d-d68a-43f1-970b-4d10908a45e2","session-407","add_to_cart","ad931533-71ec-4192-bbfe-2f640401b177",,"""2025-12-02T16:21:17.518Z"""
"cdacc50c-2743-460a-aedd-700f52eda026","session-171","add_to_cart","ad931533-71ec-4192-bbfe-2f640401b177",,"""2025-11-19T20:10:16.289Z"""
"1f4ce898-be9b-4edd-9738-e89c5d86c37d","session-340","add_to_cart","ad931533-71ec-4192-bbfe-2f640401b177",,"""2025-11-10T14:31:59.353Z"""
"62f3afa1-0ca5-40cf-81b5-35a773db71d5","session-195","add_to_cart","ad931533-71ec-4192-bbfe-2f640401b177",,"""2025-11-20T00:30:55.730Z"""
"ea5c787a-5f36-4dba-a9e9-2cece50e62e0","session-69","add_to_cart","ad931533-71ec-4192-bbfe-2f640401b177",,"""2025-11-08T18:41:46.282Z"""
"c3118534-bf16-4a98-85cf-a2b7f4844ef5","session-295","add_to_cart","ad931533-71ec-4192-bbfe-2f640401b177",,"""2025-11-06T02:41:06.130Z"""
"f148cae3-253f-41e6-9c63-4a58d15fee77","session-103","add_to_cart","ad931533-71ec-4192-bbfe-2f640401b177",,"""2025-11-14T21:14:48.576Z"""
"fae20552-1d95-475a-9ddb-153439883d64","session-128","add_to_cart","ad931533-71ec-4192-bbfe-2f640401b177",,"""2025-11-27T00:04:54.197Z"""
"a808bff8-8d46-49a3-81ed-0fc7cbec514c","session-47","add_to_cart","ad931533-71ec-4192-bbfe-2f640401b177",,"""2025-11-21T00:18:33.035Z"""
"557c7f9e-513f-4a31-bace-c21cb60b2385","session-294","add_to_cart","ad931533-71ec-4192-bbfe-2f640401b177",,"""2025-11-17T04:56:35.805Z"""
"888b8cf6-dfd5-46d3-8cef-54df3268e366","session-183","add_to_cart","ad931533-71ec-4192-bbfe-2f640401b177",,"""2025-11-05T07:14:28.831Z"""
"f33c0838-0bba-4fd5-b58b-e8ac592b17a2","session-105","add_to_cart","ad931533-71ec-4192-bbfe-2f640401b177",,"""2025-11-11T05:44:09.896Z"""
"44f2d05d-d696-48c3-b3c1-610008037b8b","session-411","add_to_cart","ad931533-71ec-4192-bbfe-2f640401b177",,"""2025-11-03T06:52:57.246Z"""
"22423565-6102-4e61-8088-b00114a95817","session-350","add_to_cart","ad931533-71ec-4192-bbfe-2f640401b177",,"""2025-11-17T07:54:54.619Z"""
"8d3b0408-589b-4a39-97b1-a026c43239ab","session-403","add_to_cart","ad931533-71ec-4192-bbfe-2f640401b177",,"""2025-11-08T16:14:47.842Z"""
"bbf7ab72-0660-435c-9a0c-4fffafd0e9a2","session-410","add_to_cart","ad931533-71ec-4192-bbfe-2f640401b177",,"""2025-11-09T21:24:34.335Z"""
"6e3798cc-1bb4-4493-a8bd-c8b79af99227","session-491","add_to_cart","ad931533-71ec-4192-bbfe-2f640401b177",,"""2025-11-03T18:03:36.936Z"""
"954dd8d2-340c-479c-8d4b-34c4eb3d30bb","session-222","add_to_cart","ad931533-71ec-4192-bbfe-2f640401b177",,"""2025-11-10T09:08:15.143Z"""
"cbbb56b5-9254-42df-ac6e-153d971f5ac6","session-250","add_to_cart","ad931533-71ec-4192-bbfe-2f640401b177",,"""2025-11-24T15:42:24.832Z"""
"6efd063f-9c4b-4157-9863-cc6dbd4f89f1","session-35","add_to_cart","ad931533-71ec-4192-bbfe-2f640401b177",,"""2025-12-01T17:55:59.840Z"""
"28d4e9d1-ee7f-4608-9a8d-8ee38270d38d","session-94","add_to_cart","ad931533-71ec-4192-bbfe-2f640401b177",,"""2025-11-22T02:04:27.599Z"""
"e6cba2ae-08bb-412d-960b-127af389d772","session-208","add_to_cart","ad931533-71ec-4192-bbfe-2f640401b177",,"""2025-11-07T13:06:34.427Z"""
"b13f7fff-ebaf-4d62-b326-310227b16c16","session-296","add_to_cart","ad931533-71ec-4192-bbfe-2f640401b177",,"""2025-11-10T15:34:50.553Z"""
"66134959-bcae-4d13-b054-9dc2aa429304","session-225","add_to_cart","ad931533-71ec-4192-bbfe-2f640401b177",,"""2025-11-07T20:29:26.459Z"""
"4d819479-d4f9-4123-a653-c0fc38d7b8e9","session-153","add_to_cart","ad931533-71ec-4192-bbfe-2f640401b177",,"""2025-11-20T22:13:39.336Z"""
"f6a6827a-564f-43a3-87a2-94444f4776bb","session-360","add_to_cart","ad931533-71ec-4192-bbfe-2f640401b177",,"""2025-11-13T11:51:00.328Z"""
"80a3f956-736e-421d-a5c3-913e00ebc6b7","session-368","add_to_cart","ad931533-71ec-4192-bbfe-2f640401b177",,"""2025-11-27T09:33:42.742Z"""
"6f7b8988-32d7-40c7-9816-e9e792f62945","session-201","add_to_cart","ad931533-71ec-4192-bbfe-2f640401b177",,"""2025-11-30T03:31:03.804Z"""
"353c3961-a872-4697-bd2b-779dce663ef7","session-70","add_to_cart","ad931533-71ec-4192-bbfe-2f640401b177",,"""2025-11-30T04:07:50.979Z"""
"a3bf7255-cb91-44f3-9f63-f14535b6ef79","session-62","add_to_cart","ad931533-71ec-4192-bbfe-2f640401b177",,"""2025-11-18T05:32:54.890Z"""
"b3359bd9-eda1-4fb5-81d9-8bc4382490bd","session-457","add_to_cart","ad931533-71ec-4192-bbfe-2f640401b177",,"""2025-11-12T17:40:33.050Z"""
"2a939f8a-73e7-4765-930c-3af5ce6c7bb6","session-483","add_to_cart","ad931533-71ec-4192-bbfe-2f640401b177",,"""2025-11-16T16:51:42.782Z"""
"6dfb337d-de49-4bad-85fa-63eaf8f33ced","session-365","add_to_cart","ad931533-71ec-4192-bbfe-2f640401b177",,"""2025-11-19T02:50:06.236Z"""
"25bfc65d-762b-4346-a05d-c43277079a73","session-199","add_to_cart","ad931533-71ec-4192-bbfe-2f640401b177",,"""2025-11-24T08:12:00.727Z"""
"dffeffce-1f92-40fa-b32e-fee20adba80d","session-161","add_to_cart","ad931533-71ec-4192-bbfe-2f640401b177",,"""2025-11-07T15:57:49.013Z"""
"7739e568-88c3-4564-ba4a-c7eb0f6d0f99","session-320","add_to_cart","ad931533-71ec-4192-bbfe-2f640401b177",,"""2025-11-03T21:21:48.338Z"""
"ceb79811-1b05-42ea-a421-115b366bb3a8","session-268","add_to_cart","ad931533-71ec-4192-bbfe-2f640401b177",,"""2025-11-22T14:54:36.822Z"""
"964cce21-cfa5-4f9b-8508-bd096f2ef1eb","session-318","add_to_cart","ad931533-71ec-4192-bbfe-2f640401b177",,"""2025-11-09T02:15:58.014Z"""
"d76a09d0-1b20-4cfe-ab53-567ffbe75f3c","session-345","add_to_cart","ad931533-71ec-4192-bbfe-2f640401b177",,"""2025-11-24T21:08:07.343Z"""
"9d22143f-1ddb-42aa-beb7-002a2bc3ef32","session-60","add_to_cart","ad931533-71ec-4192-bbfe-2f640401b177",,"""2025-11-03T00:38:05.509Z"""
"196547fa-6480-4055-9346-71746a07ba61","session-169","add_to_cart","ad931533-71ec-4192-bbfe-2f640401b177",,"""2025-11-03T07:37:34.855Z"""
"5b12e09b-e52f-4eb9-9af8-dc59bf94b47e","session-397","add_to_cart","ad931533-71ec-4192-bbfe-2f640401b177",,"""2025-11-21T12:02:21.101Z"""
"85375036-51b8-45a9-8d36-00492e631cae","session-307","add_to_cart","ad931533-71ec-4192-bbfe-2f640401b177",,"""2025-11-04T03:56:15.037Z"""
"b6f46eb7-8d0d-489f-9df7-7562627fada4","session-160","add_to_cart","ad931533-71ec-4192-bbfe-2f640401b177",,"""2025-11-04T21:50:11.025Z"""
"faba7f29-b269-4466-8f4f-704814a037a2","session-497","add_to_cart","ad931533-71ec-4192-bbfe-2f640401b177",,"""2025-12-02T16:43:29.728Z"""
"33afd0ad-ed78-49a1-846e-60456cce9444","session-445","add_to_cart","ad931533-71ec-4192-bbfe-2f640401b177",,"""2025-11-06T05:22:51.633Z"""
"e9a50901-d5a5-403f-aa70-f043df54cb34","session-151","add_to_cart","ad931533-71ec-4192-bbfe-2f640401b177",,"""2025-11-04T19:52:54.955Z"""
"f3612720-38b4-4041-bc35-18d5a3ad7584","session-458","add_to_cart","ad931533-71ec-4192-bbfe-2f640401b177",,"""2025-11-25T15:41:28.079Z"""
"d590eaf3-c137-4282-ae75-f2b3a919ca92","session-466","add_to_cart","ad931533-71ec-4192-bbfe-2f640401b177",,"""2025-11-09T00:23:13.520Z"""
"894185e0-5e6b-4f1c-a7aa-f54abe44f053","session-300","add_to_cart","ad931533-71ec-4192-bbfe-2f640401b177",,"""2025-11-05T14:24:59.874Z"""
"1ae7faf4-f907-48bc-908f-a9d4a744b6f4","session-242","add_to_cart","ad931533-71ec-4192-bbfe-2f640401b177",,"""2025-11-29T00:56:11.063Z"""
"f679d77f-9ae9-4737-adbf-47b1de24d31a","session-218","add_to_cart","ad931533-71ec-4192-bbfe-2f640401b177",,"""2025-11-11T18:53:20.085Z"""
"818b6066-d76d-4c41-adbb-d192e0006ad3","session-123","add_to_cart","ad931533-71ec-4192-bbfe-2f640401b177",,"""2025-11-03T17:20:14.373Z"""
"4a5b7661-0385-44f6-8baf-6ba3e2c7c355","session-297","add_to_cart","ad931533-71ec-4192-bbfe-2f640401b177",,"""2025-12-02T17:15:37.580Z"""
"40838554-b9e7-4269-b580-d1c1afeaf878","session-61","add_to_cart","ad931533-71ec-4192-bbfe-2f640401b177",,"""2025-11-21T09:43:22.329Z"""
"96d579a7-5468-497f-b45e-603815d27b7e","session-427","add_to_cart","ad931533-71ec-4192-bbfe-2f640401b177",,"""2025-11-13T12:01:24.806Z"""
"8064ef27-2e03-4796-bd1d-ac1d327b33f9","session-330","add_to_cart","ad931533-71ec-4192-bbfe-2f640401b177",,"""2025-11-13T17:18:06.169Z"""
"a9661ead-a413-4d6d-93b4-4c439958c2c3","session-162","add_to_cart","ad931533-71ec-4192-bbfe-2f640401b177",,"""2025-11-08T04:17:30.954Z"""
"848bab28-4261-4c16-842f-d8f00b057e80","session-170","add_to_cart","ad931533-71ec-4192-bbfe-2f640401b177",,"""2025-11-12T20:15:47.195Z"""
"41730b26-e646-48c8-b3b4-442910a004f6","session-325","add_to_cart","ad931533-71ec-4192-bbfe-2f640401b177",,"""2025-12-01T15:24:19.785Z"""
"106c3d40-8332-457b-8f0b-3481dd38c6fe","session-352","add_to_cart","ad931533-71ec-4192-bbfe-2f640401b177",,"""2025-11-08T10:52:09.893Z"""
"fd926ebf-2473-40b5-a5ba-2067b7a28be9","session-360","add_to_cart","ad931533-71ec-4192-bbfe-2f640401b177",,"""2025-11-21T01:30:20.441Z"""
"95a43557-afa4-45cb-a669-6e5c15920925","session-122","add_to_cart","ad931533-71ec-4192-bbfe-2f640401b177",,"""2025-11-17T11:22:27.087Z"""
"76efa188-2361-463d-93e1-e62eb071aed8","session-462","add_to_cart","ad931533-71ec-4192-bbfe-2f640401b177",,"""2025-11-30T09:50:43.164Z"""
"541f2916-3066-4585-8589-efe3600b7f59","session-334","add_to_cart","ad931533-71ec-4192-bbfe-2f640401b177",,"""2025-11-30T04:35:28.626Z"""
"974fa7e5-06e8-4d3c-9b11-739b8ac81559","session-29","add_to_cart","ad931533-71ec-4192-bbfe-2f640401b177",,"""2025-11-13T04:50:25.161Z"""
"a80268b6-d800-44f0-b2b3-226faa92cff5","session-429","add_to_cart","ad931533-71ec-4192-bbfe-2f640401b177",,"""2025-11-25T14:52:33.454Z"""
"f6df8ba0-3d47-410e-b7b3-227d4f0d1b3e","session-5","add_to_cart","ad931533-71ec-4192-bbfe-2f640401b177",,"""2025-11-16T14:22:24.682Z"""
"f0036765-591c-453d-b217-52b493c9b19a","session-114","add_to_cart","ad931533-71ec-4192-bbfe-2f640401b177",,"""2025-12-01T22:14:14.789Z"""
"179fea83-06e2-40a5-a9a0-171024d150d0","session-78","add_to_cart","ad931533-71ec-4192-bbfe-2f640401b177",,"""2025-11-13T12:13:32.324Z"""
"d2b1a1b7-b8b7-4be0-82bb-1f252f2620b6","session-54","add_to_cart","ad931533-71ec-4192-bbfe-2f640401b177",,"""2025-11-13T21:23:05.129Z"""
"c04d2406-74b3-4c44-b371-feb334bd5ac9","session-230","add_to_cart","ad931533-71ec-4192-bbfe-2f640401b177",,"""2025-11-09T06:39:47.057Z"""
"65e2b2ec-a5c2-426a-b43e-5ce45a960d8f","session-210","add_to_cart","ad931533-71ec-4192-bbfe-2f640401b177",,"""2025-11-07T14:30:37.693Z"""
"4101fcde-d1a0-4e41-bab7-d32930e58206","session-392","add_to_cart","ad931533-71ec-4192-bbfe-2f640401b177",,"""2025-11-25T13:06:20.078Z"""
"d8200ce6-c63b-4a23-a92b-eeef7015a10f","session-4","add_to_cart","ad931533-71ec-4192-bbfe-2f640401b177",,"""2025-11-16T10:40:23.587Z"""
"fc91d1e5-5897-41d1-80c0-a7233b3af82d","session-359","add_to_cart","ad931533-71ec-4192-bbfe-2f640401b177",,"""2025-11-04T07:28:32.900Z"""
"c7cc1dd6-70d2-4161-a117-611d6210876a","session-181","add_to_cart","ad931533-71ec-4192-bbfe-2f640401b177",,"""2025-11-13T00:43:25.183Z"""
"455a2a64-4c27-4197-ad8d-ee99ebbc3a47","session-143","add_to_cart","ad931533-71ec-4192-bbfe-2f640401b177",,"""2025-11-10T04:32:27.233Z"""
"0efe2e01-41ad-4d92-bf74-62183ee4a2d7","session-143","add_to_cart","ad931533-71ec-4192-bbfe-2f640401b177",,"""2025-11-17T09:46:01.973Z"""
"6e42e07c-82cc-490a-843b-01c5ae7badd5","session-29","add_to_cart","ad931533-71ec-4192-bbfe-2f640401b177",,"""2025-11-14T10:24:58.609Z"""
"4dcb2709-bcda-442e-ab12-49044abdf6cd","session-110","add_to_cart","ad931533-71ec-4192-bbfe-2f640401b177",,"""2025-11-13T09:27:35.972Z"""
"1370c346-0be7-42ed-9a7c-d89106584e66","session-389","add_to_cart","ad931533-71ec-4192-bbfe-2f640401b177",,"""2025-11-23T04:28:16.251Z"""
"f6b75d2c-b490-4a34-aecc-597b4f7d95db","session-100","add_to_cart","ad931533-71ec-4192-bbfe-2f640401b177",,"""2025-11-04T02:03:23.826Z"""
"94d0d0de-57f5-485e-b040-aeb78a44c320","session-89","add_to_cart","ad931533-71ec-4192-bbfe-2f640401b177",,"""2025-11-03T16:57:06.379Z"""
"3ac39a04-7d68-4370-9701-dc4c17402c06","session-362","add_to_cart","ad931533-71ec-4192-bbfe-2f640401b177",,"""2025-11-11T20:03:23.808Z"""
"72c876d7-3234-4f6b-b26e-bd382ff0bfd4","session-382","add_to_cart","ad931533-71ec-4192-bbfe-2f640401b177",,"""2025-11-29T22:36:18.057Z"""
"5704f6a7-875b-4410-8153-72495480c05c","session-411","add_to_cart","ad931533-71ec-4192-bbfe-2f640401b177",,"""2025-11-22T16:10:12.683Z"""
"5bf76a9a-c638-4aca-9125-a2b71f7785c9","session-248","add_to_cart","ad931533-71ec-4192-bbfe-2f640401b177",,"""2025-12-02T19:34:38.569Z"""
"3dc4b10c-6d6a-4970-890e-f4ae4b01f892","session-334","add_to_cart","ad931533-71ec-4192-bbfe-2f640401b177",,"""2025-11-17T22:54:46.468Z"""
"da20d551-3f92-4710-b2f6-5c415e659009","session-52","add_to_cart","ad931533-71ec-4192-bbfe-2f640401b177",,"""2025-11-19T12:03:21.258Z"""
"0cc0c36d-a7f1-4c50-9a2a-f9b8e914db95","session-12","add_to_cart","ad931533-71ec-4192-bbfe-2f640401b177",,"""2025-11-17T07:53:06.679Z"""
"c454d055-8fdc-4c5b-815f-d3a5ef2e8b55","session-181","add_to_cart","ad931533-71ec-4192-bbfe-2f640401b177",,"""2025-12-02T12:11:28.850Z"""
"ec5fc04d-37b1-41c1-90aa-dcf1f66912f8","session-158","add_to_cart","ad931533-71ec-4192-bbfe-2f640401b177",,"""2025-11-13T02:39:16.818Z"""
"519241dd-5923-4753-a0af-b55f46fc77ea","session-7","add_to_cart","ad931533-71ec-4192-bbfe-2f640401b177",,"""2025-11-29T19:27:16.534Z"""
"952a9036-6db3-4b6f-82f2-a09e41e3bb37","session-288","add_to_cart","ad931533-71ec-4192-bbfe-2f640401b177",,"""2025-11-21T13:34:25.101Z"""
"5bdd6ecf-9931-4e9a-9c1a-6791fec04c33","session-40","add_to_cart","ad931533-71ec-4192-bbfe-2f640401b177",,"""2025-11-11T06:13:47.088Z"""
"a10d541e-a9ab-49d7-80b6-be342e04cffd","session-151","add_to_cart","ad931533-71ec-4192-bbfe-2f640401b177",,"""2025-11-22T04:01:14.001Z"""
"6a16b9ac-26c9-4b20-8117-a766373150d4","session-298","add_to_cart","ad931533-71ec-4192-bbfe-2f640401b177",,"""2025-11-09T16:11:13.552Z"""
"cee2f1e4-d12f-4f2b-bcd6-0bf7ba74ce40","session-198","add_to_cart","ad931533-71ec-4192-bbfe-2f640401b177",,"""2025-11-24T03:30:04.507Z"""
"0e6eb105-2483-41b2-b2a3-7123825ff683","session-325","add_to_cart","ad931533-71ec-4192-bbfe-2f640401b177",,"""2025-11-10T22:13:49.436Z"""
"65c462fe-0044-47d1-8d1a-e14a63cffc3b","session-194","add_to_cart","ad931533-71ec-4192-bbfe-2f640401b177",,"""2025-11-27T20:35:17.150Z"""
"965ff783-0518-433e-84b1-7070eccc58f8","session-60","add_to_cart","ad931533-71ec-4192-bbfe-2f640401b177",,"""2025-11-19T02:26:04.536Z"""
"51a3cea3-85ef-43ff-b9bb-788a19b037a8","session-334","add_to_cart","ad931533-71ec-4192-bbfe-2f640401b177",,"""2025-11-22T19:43:43.614Z"""
"7dc185cb-5a3c-4948-9874-410c7183c54f","session-105","add_to_cart","ad931533-71ec-4192-bbfe-2f640401b177",,"""2025-11-25T10:45:10.782Z"""
"94744fca-42a1-475c-af3a-2c43ce639142","session-292","add_to_cart","ad931533-71ec-4192-bbfe-2f640401b177",,"""2025-11-10T13:19:22.003Z"""
"6b53b39c-ce39-4a05-b8b6-c134ee1794db","session-1","add_to_cart","ad931533-71ec-4192-bbfe-2f640401b177",,"""2025-11-20T17:32:59.881Z"""
"11b456c6-7ce8-496a-afff-45c0f2bb0b5d","session-154","add_to_cart","ad931533-71ec-4192-bbfe-2f640401b177",,"""2025-11-28T09:31:27.298Z"""
"b86d6e59-6d00-4564-805a-08d2832cb3f3","session-68","add_to_cart","ad931533-71ec-4192-bbfe-2f640401b177",,"""2025-11-05T00:13:07.422Z"""
"9a80ea8a-b2d7-4e62-83f0-bd4712fb91ca","session-186","add_to_cart","ad931533-71ec-4192-bbfe-2f640401b177",,"""2025-11-30T02:06:13.901Z"""
"ccdb0b87-241f-4ce2-9bf3-423f9a9944d0","session-114","add_to_cart","ad931533-71ec-4192-bbfe-2f640401b177",,"""2025-11-30T15:52:16.974Z"""
"f0f205a3-da0f-4870-8568-fcd2c91d0505","session-286","add_to_cart","ad931533-71ec-4192-bbfe-2f640401b177",,"""2025-11-03T18:54:30.277Z"""
"77964371-d7c7-40af-8107-199e8f445d42","session-90","add_to_cart","ad931533-71ec-4192-bbfe-2f640401b177",,"""2025-11-27T21:23:48.740Z"""
"fcb5fb23-a00a-442c-961e-77b0b7d404dc","session-439","add_to_cart","ad931533-71ec-4192-bbfe-2f640401b177",,"""2025-11-29T01:02:18.869Z"""
"a42ac778-8b9d-4f09-84a9-d77b0d0d1ce0","session-115","add_to_cart","ad931533-71ec-4192-bbfe-2f640401b177",,"""2025-11-09T07:23:51.544Z"""
"c77685e8-4f7e-496e-84cc-73cace5c9d94","session-420","add_to_cart","ad931533-71ec-4192-bbfe-2f640401b177",,"""2025-11-29T21:59:51.123Z"""
"f11aa104-9a9c-40e4-ba1c-4d6fe25972a3","session-202","add_to_cart","ad931533-71ec-4192-bbfe-2f640401b177",,"""2025-11-20T09:47:39.748Z"""
"ea1e14a8-7e26-4a36-8bfb-0899dc55f77f","session-227","add_to_cart","ad931533-71ec-4192-bbfe-2f640401b177",,"""2025-11-29T11:28:02.551Z"""
"89b3aca2-8503-4435-9bfc-2d326218c271","session-219","add_to_cart","ad931533-71ec-4192-bbfe-2f640401b177",,"""2025-11-16T17:57:29.249Z"""
"c3a2924c-c2d2-443b-8b5a-09eeb3c632f1","session-216","add_to_cart","ad931533-71ec-4192-bbfe-2f640401b177",,"""2025-11-09T07:15:47.615Z"""
"c4ec90f3-9ef8-4fcb-a155-13c6deb73570","session-360","add_to_cart","ad931533-71ec-4192-bbfe-2f640401b177",,"""2025-11-08T06:12:35.856Z"""
"881bf716-f19f-425a-8c9d-a601834f9c42","session-353","add_to_cart","ad931533-71ec-4192-bbfe-2f640401b177",,"""2025-11-27T06:08:34.046Z"""
"d1bd67db-adec-4c63-8b0f-ee46e823ea49","session-103","add_to_cart","ad931533-71ec-4192-bbfe-2f640401b177",,"""2025-11-04T06:01:14.108Z"""
"234b21cf-1071-4681-bcee-da7a77e5c38f","session-373","add_to_cart","ad931533-71ec-4192-bbfe-2f640401b177",,"""2025-11-08T13:58:31.297Z"""
"d709b497-9d58-4555-998d-dd971a08c0e2","session-267","add_to_cart","ad931533-71ec-4192-bbfe-2f640401b177",,"""2025-11-30T20:13:19.801Z"""
"55a133cb-290a-4415-84ab-80a2025f5588","session-377","add_to_cart","ad931533-71ec-4192-bbfe-2f640401b177",,"""2025-12-02T00:54:04.527Z"""
"7b0da4eb-45d7-443a-8a91-027b577f1a2c","session-432","add_to_cart","ad931533-71ec-4192-bbfe-2f640401b177",,"""2025-11-15T12:45:18.299Z"""
"47901917-d3cf-4200-8bc1-9206ffd36411","session-271","add_to_cart","ad931533-71ec-4192-bbfe-2f640401b177",,"""2025-11-15T08:07:27.400Z"""
"46a43071-640a-4706-af06-7461756af055","session-151","add_to_cart","ad931533-71ec-4192-bbfe-2f640401b177",,"""2025-11-12T17:51:35.243Z"""
"999c8c61-f453-4532-b42c-780713117a10","session-469","add_to_cart","ad931533-71ec-4192-bbfe-2f640401b177",,"""2025-11-22T11:39:11.435Z"""
"b5abbf7c-6bb5-437e-b81a-dd9b33a321d0","session-356","add_to_cart","ad931533-71ec-4192-bbfe-2f640401b177",,"""2025-11-04T07:47:06.739Z"""
"fc97b15a-cd7d-4e19-ba92-aae4b533c3d1","session-391","add_to_cart","ad931533-71ec-4192-bbfe-2f640401b177",,"""2025-11-27T01:58:20.680Z"""
"4301849e-2661-4717-aace-c4ecc2ecdf85","session-427","add_to_cart","ad931533-71ec-4192-bbfe-2f640401b177",,"""2025-11-27T05:39:09.231Z"""
"ad669179-b3cf-496d-b226-5a41165b6f64","session-222","add_to_cart","ad931533-71ec-4192-bbfe-2f640401b177",,"""2025-11-24T16:51:48.391Z"""
"874300ec-ae8a-4bb6-8a5f-91684224a289","session-343","add_to_cart","ad931533-71ec-4192-bbfe-2f640401b177",,"""2025-11-03T14:13:45.902Z"""
"42182004-19c6-4186-afc9-3a0b03e43864","session-404","add_to_cart","ad931533-71ec-4192-bbfe-2f640401b177",,"""2025-11-10T17:40:01.136Z"""
"30f41739-21b2-4402-a1b7-7abb5a6a54bd","session-67","add_to_cart","ad931533-71ec-4192-bbfe-2f640401b177",,"""2025-11-22T15:58:25.039Z"""
"dceb76ac-3774-4736-bbeb-534e856dae84","session-438","add_to_cart","ad931533-71ec-4192-bbfe-2f640401b177",,"""2025-11-12T12:05:15.104Z"""
"b4817745-968f-4644-a665-1e217fb783f7","session-497","add_to_cart","ad931533-71ec-4192-bbfe-2f640401b177",,"""2025-11-21T15:20:14.836Z"""
"f1f7b6fc-529a-47b7-ba94-3af5aa90eb2b","session-90","add_to_cart","ad931533-71ec-4192-bbfe-2f640401b177",,"""2025-11-28T21:51:11.906Z"""
"963cffa2-efe3-42c8-a5b4-94d4f613a98c","session-94","add_to_cart","ad931533-71ec-4192-bbfe-2f640401b177",,"""2025-11-10T07:32:53.606Z"""
"c30177bc-2a04-4f3a-9bb0-452c2e633f98","session-428","add_to_cart","ad931533-71ec-4192-bbfe-2f640401b177",,"""2025-11-15T10:10:07.576Z"""
"00f3a7bd-eba0-434d-940b-96df904b052d","session-287","add_to_cart","ad931533-71ec-4192-bbfe-2f640401b177",,"""2025-12-02T09:18:23.430Z"""
"ea8bf045-3d33-4feb-8cf4-59b29b5d5a8d","session-98","add_to_cart","ad931533-71ec-4192-bbfe-2f640401b177",,"""2025-11-19T06:44:06.897Z"""
"04972a0b-7c6f-4271-9d6f-c821dcbefc43","session-463","add_to_cart","ad931533-71ec-4192-bbfe-2f640401b177",,"""2025-11-19T17:27:08.063Z"""
"9655d616-05b8-460a-a67a-1e7fe438fd06","session-468","add_to_cart","ad931533-71ec-4192-bbfe-2f640401b177",,"""2025-11-04T16:20:24.056Z"""
"f92571ea-b5dd-477b-bb28-c514742181f5","session-470","add_to_cart","ad931533-71ec-4192-bbfe-2f640401b177",,"""2025-11-30T08:27:53.745Z"""
"f674a749-9bb2-4655-bd5e-890d0d0505fc","session-245","add_to_cart","ad931533-71ec-4192-bbfe-2f640401b177",,"""2025-11-12T21:01:05.897Z"""
"de584e67-7f0f-4494-b1c7-6998844f0894","session-106","add_to_cart","ad931533-71ec-4192-bbfe-2f640401b177",,"""2025-11-22T17:24:08.118Z"""
"b766804d-e63d-4c72-9b8a-39f28f728e6f","session-254","add_to_cart","ad931533-71ec-4192-bbfe-2f640401b177",,"""2025-12-02T04:45:49.384Z"""
"6eb09242-ca57-4604-86c2-6437dce82977","session-320","add_to_cart","ad931533-71ec-4192-bbfe-2f640401b177",,"""2025-11-15T06:15:00.064Z"""
"84fa91b4-112e-4d03-9811-36c650da13ca","session-429","add_to_cart","ad931533-71ec-4192-bbfe-2f640401b177",,"""2025-11-29T08:02:39.412Z"""
"f876094d-d760-4261-9e5e-de1bf95be33d","session-410","add_to_cart","ad931533-71ec-4192-bbfe-2f640401b177",,"""2025-11-25T04:40:08.299Z"""
"dcdf2760-ffcb-41ed-b836-f7a07eec641d","session-180","add_to_cart","ad931533-71ec-4192-bbfe-2f640401b177",,"""2025-11-14T20:21:41.918Z"""
"2c60f969-2df9-439f-a680-dc7e812162cc","session-23","add_to_cart","ad931533-71ec-4192-bbfe-2f640401b177",,"""2025-11-28T13:05:15.363Z"""
"8d863941-0fb5-4303-b843-29f16bb04cf5","session-106","add_to_cart","ad931533-71ec-4192-bbfe-2f640401b177",,"""2025-11-15T05:13:00.841Z"""
"d26bf695-58f6-4ae3-b33c-939389f0ff6d","session-143","add_to_cart","ad931533-71ec-4192-bbfe-2f640401b177",,"""2025-11-07T20:51:31.143Z"""
"8c57849f-902f-4c66-bded-80f63f07d878","session-270","add_to_cart","ad931533-71ec-4192-bbfe-2f640401b177",,"""2025-12-01T18:58:11.088Z"""
"bffb46ea-7d2d-4854-9813-67ee50ea3812","session-422","add_to_cart","ad931533-71ec-4192-bbfe-2f640401b177",,"""2025-12-01T06:00:17.434Z"""
"5b7edd76-ca21-4432-a32a-237d727bd2d5","session-273","add_to_cart","ad931533-71ec-4192-bbfe-2f640401b177",,"""2025-11-15T03:42:55.272Z"""
"4d0a5771-596e-451e-8d5c-0ba461f283a6","session-277","add_to_cart","ad931533-71ec-4192-bbfe-2f640401b177",,"""2025-11-12T22:40:32.102Z"""
"f7673f9b-0003-43a0-8f8c-01dd13c38761","session-336","add_to_cart","ad931533-71ec-4192-bbfe-2f640401b177",,"""2025-11-13T21:03:59.957Z"""
"1c05c59c-7ac7-4e51-ad2d-44ecfa1877a5","session-102","add_to_cart","ad931533-71ec-4192-bbfe-2f640401b177",,"""2025-11-24T05:00:49.926Z"""
"774e894e-7c9a-406b-afee-e9c4c1dd7e5d","session-282","add_to_cart","ad931533-71ec-4192-bbfe-2f640401b177",,"""2025-11-17T12:34:05.448Z"""
"42632ea2-4eff-4fce-b0d2-a192efa8c55e","session-400","add_to_cart","ad931533-71ec-4192-bbfe-2f640401b177",,"""2025-11-10T14:33:35.697Z"""
"c685ed35-9cda-4bc2-93dc-ca119875e21d","session-345","add_to_cart","ad931533-71ec-4192-bbfe-2f640401b177",,"""2025-11-12T22:34:11.445Z"""
"a33efd2c-af1c-4b15-8a30-96c446253899","session-298","add_to_cart","ad931533-71ec-4192-bbfe-2f640401b177",,"""2025-11-28T19:53:30.338Z"""
"0235e45b-93c7-424a-b3d5-371b4380e400","session-391","add_to_cart","ad931533-71ec-4192-bbfe-2f640401b177",,"""2025-11-15T08:50:45.630Z"""
"7d4259ab-2716-440f-aec3-161a3ca5ea3e","session-176","add_to_cart","ad931533-71ec-4192-bbfe-2f640401b177",,"""2025-11-26T13:14:13.761Z"""
"a93f28ef-fbc2-4dd5-8773-b4ae662bd8d6","session-217","add_to_cart","ad931533-71ec-4192-bbfe-2f640401b177",,"""2025-12-01T19:20:41.963Z"""
"56ac77c0-541a-41d9-880b-62c758aa872c","session-305","add_to_cart","ad931533-71ec-4192-bbfe-2f640401b177",,"""2025-11-17T05:35:01.742Z"""
"11852d43-a0de-4c5b-8891-264e08563d60","session-115","add_to_cart","ad931533-71ec-4192-bbfe-2f640401b177",,"""2025-11-04T12:30:40.422Z"""
"6d6eb9a2-991e-4589-9aba-8ff6b1d958e8","session-239","add_to_cart","ad931533-71ec-4192-bbfe-2f640401b177",,"""2025-11-26T06:57:09.635Z"""
"461bfae8-5606-4d74-a76b-a43a6074f37a","session-303","add_to_cart","ad931533-71ec-4192-bbfe-2f640401b177",,"""2025-11-15T04:54:24.819Z"""
"4dbd193f-07ba-431c-a33f-e6fc0a52d3cf","session-466","add_to_cart","ad931533-71ec-4192-bbfe-2f640401b177",,"""2025-12-01T04:28:54.333Z"""
"680b3616-9479-4e5c-b9a0-d9931d503640","session-413","add_to_cart","ad931533-71ec-4192-bbfe-2f640401b177",,"""2025-11-10T07:12:12.793Z"""
"21c08403-376b-4ba6-b47d-40536e173ccb","session-337","add_to_cart","ad931533-71ec-4192-bbfe-2f640401b177",,"""2025-11-07T15:49:08.183Z"""
"2511b2ee-a275-46d5-ab03-87fc2dfe2ab1","session-101","add_to_cart","ad931533-71ec-4192-bbfe-2f640401b177",,"""2025-11-17T11:15:25.690Z"""
"de2078ab-ad3e-4bc4-9cbc-c945a9bbf336","session-53","add_to_cart","ad931533-71ec-4192-bbfe-2f640401b177",,"""2025-11-05T21:59:54.645Z"""
"8a154636-2f72-44f7-bf4d-1f03a5f68976","session-249","add_to_cart","ad931533-71ec-4192-bbfe-2f640401b177",,"""2025-11-23T03:07:07.029Z"""
"3eebe494-48da-461c-abf1-2feb92661e53","session-379","add_to_cart","ad931533-71ec-4192-bbfe-2f640401b177",,"""2025-11-03T03:40:11.529Z"""
"17a1a43b-41a3-45d2-b243-a01b2e3fb223","session-137","add_to_cart","ad931533-71ec-4192-bbfe-2f640401b177",,"""2025-11-27T14:16:01.795Z"""
"1f76f950-526b-4eac-a745-78afa03b3cb1","session-149","add_to_cart","ad931533-71ec-4192-bbfe-2f640401b177",,"""2025-11-17T07:16:27.764Z"""
"01f41f08-9ae5-4c30-b513-88752fd77d5d","session-433","add_to_cart","ad931533-71ec-4192-bbfe-2f640401b177",,"""2025-11-30T15:18:39.586Z"""
"dfccb9c3-705a-41c8-ac1a-a9cfae7e80e9","session-262","add_to_cart","ad931533-71ec-4192-bbfe-2f640401b177",,"""2025-11-21T08:47:19.985Z"""
"7ff82bad-6b04-4ad5-b67e-734473e9096d","session-310","add_to_cart","ad931533-71ec-4192-bbfe-2f640401b177",,"""2025-11-12T22:34:02.604Z"""
"d8caa512-877d-4926-9d65-3e74341e396c","session-171","add_to_cart","ad931533-71ec-4192-bbfe-2f640401b177",,"""2025-11-23T12:28:41.457Z"""
"1f666e93-443d-484d-b96c-e24d9302d18c","session-262","add_to_cart","ad931533-71ec-4192-bbfe-2f640401b177",,"""2025-11-10T20:42:04.250Z"""
"9a5079ba-d17b-4abf-ad48-e93836b548b3","session-436","add_to_cart","ad931533-71ec-4192-bbfe-2f640401b177",,"""2025-11-23T07:44:48.750Z"""
"087df44f-3500-45de-8768-02e0572ca866","session-217","add_to_cart","ad931533-71ec-4192-bbfe-2f640401b177",,"""2025-11-21T15:04:12.961Z"""
"c73b6536-7f1a-4e88-81e1-112f692c1e2a","session-267","add_to_cart","ad931533-71ec-4192-bbfe-2f640401b177",,"""2025-11-10T20:44:08.218Z"""
"19b55311-418c-4b38-9274-e20d22527bf8","session-197","add_to_cart","ad931533-71ec-4192-bbfe-2f640401b177",,"""2025-12-01T12:29:46.552Z"""
"2e92b6f3-92ba-44ae-a010-1f00ccdb8f37","session-25","add_to_cart","ad931533-71ec-4192-bbfe-2f640401b177",,"""2025-11-06T03:27:55.079Z"""
"1bf7f562-5984-4693-828c-1cb3845b5f4e","session-26","add_to_cart","ad931533-71ec-4192-bbfe-2f640401b177",,"""2025-11-28T20:40:49.436Z"""
"fed0c42a-a5c4-4996-a83e-13a1d8d70f2b","session-6","add_to_cart","ad931533-71ec-4192-bbfe-2f640401b177",,"""2025-11-08T20:53:52.898Z"""
"1b650853-d260-440b-9052-4293c8b38e9b","session-395","add_to_cart","ad931533-71ec-4192-bbfe-2f640401b177",,"""2025-12-01T03:17:32.934Z"""
"16cf02c4-df80-4aef-9322-e70a346bb909","session-169","add_to_cart","ad931533-71ec-4192-bbfe-2f640401b177",,"""2025-11-08T01:17:31.280Z"""
"029112bc-852b-4c1d-afcf-3c4db3bfb958","session-347","add_to_cart","ad931533-71ec-4192-bbfe-2f640401b177",,"""2025-11-09T04:13:00.840Z"""
"2e5b238e-cd72-4d19-9174-19ad102c3b01","session-442","add_to_cart","ad931533-71ec-4192-bbfe-2f640401b177",,"""2025-11-16T04:06:05.861Z"""
"1b78bd54-3876-4131-9cfa-10e45f88757c","session-212","add_to_cart","ad931533-71ec-4192-bbfe-2f640401b177",,"""2025-12-01T19:09:47.549Z"""
"e032d59b-c321-4c76-b4d5-eceaec3a1a61","session-394","add_to_cart","ad931533-71ec-4192-bbfe-2f640401b177",,"""2025-11-08T21:10:50.154Z"""
"f22071cb-5534-4dfa-81cc-9a5698a3d628","session-255","add_to_cart","ad931533-71ec-4192-bbfe-2f640401b177",,"""2025-11-09T18:24:37.697Z"""
"2bbb3af6-f423-4e80-b5d5-ff4803f14759","session-225","add_to_cart","ad931533-71ec-4192-bbfe-2f640401b177",,"""2025-11-10T07:33:14.120Z"""
"1756b8e6-0d0a-4faa-827d-27e0afdc312e","session-269","add_to_cart","ad931533-71ec-4192-bbfe-2f640401b177",,"""2025-11-08T00:05:48.483Z"""
"ea9cb50d-496a-4fd2-9fcf-3b779157f61b","session-121","add_to_cart","ad931533-71ec-4192-bbfe-2f640401b177",,"""2025-11-25T20:19:47.397Z"""
"a4ec330b-1276-4076-b177-1dc8cad94fc9","session-314","add_to_cart","ad931533-71ec-4192-bbfe-2f640401b177",,"""2025-11-12T19:10:53.535Z"""
"f11a65bd-12d6-4cbc-b660-f811069b2d47","session-302","add_to_cart","ad931533-71ec-4192-bbfe-2f640401b177",,"""2025-12-01T03:42:57.755Z"""
"160e06fe-6b23-487b-b4bb-e92a03439c44","session-2","add_to_cart","ad931533-71ec-4192-bbfe-2f640401b177",,"""2025-11-03T20:04:50.497Z"""
"1b3cb799-65de-4a61-9b62-5ed6b0a59dd8","session-210","add_to_cart","ad931533-71ec-4192-bbfe-2f640401b177",,"""2025-11-29T14:45:22.905Z"""
"5dbb228e-c202-4de5-9bda-a2ca29894fd6","session-101","add_to_cart","ad931533-71ec-4192-bbfe-2f640401b177",,"""2025-11-15T05:55:13.774Z"""
"29ba208f-9a52-4719-b2db-725179e44dba","session-165","add_to_cart","ad931533-71ec-4192-bbfe-2f640401b177",,"""2025-11-10T04:06:05.963Z"""
"080fca4a-4f90-47cb-bd49-a91a6c50364c","session-281","add_to_cart","ad931533-71ec-4192-bbfe-2f640401b177",,"""2025-11-28T03:55:20.305Z"""
"4112f441-020a-4727-8836-d4b83c76ffb9","session-112","add_to_cart","ad931533-71ec-4192-bbfe-2f640401b177",,"""2025-11-23T07:22:21.777Z"""
"5db6aa58-4799-4010-a434-5b44e29df669","session-312","add_to_cart","ad931533-71ec-4192-bbfe-2f640401b177",,"""2025-11-20T01:03:04.149Z"""
"944b3685-cbbd-4639-aa20-f0df9efc9172","session-477","add_to_cart","ad931533-71ec-4192-bbfe-2f640401b177",,"""2025-11-18T02:41:41.199Z"""
"c58c7347-13c0-46af-976b-f7a83ac8dc53","session-304","add_to_cart","ad931533-71ec-4192-bbfe-2f640401b177",,"""2025-11-05T12:32:48.884Z"""
"9ecd098a-36e4-414f-b355-06e247e9ce84","session-325","add_to_cart","ad931533-71ec-4192-bbfe-2f640401b177",,"""2025-11-09T15:17:14.414Z"""
"97c1ddfc-6223-4a41-a2f4-0903bb258b50","session-313","add_to_cart","ad931533-71ec-4192-bbfe-2f640401b177",,"""2025-11-15T09:58:06.563Z"""
"5fb6b0fd-d3ef-4300-9792-8c5bbb0fd661","session-219","add_to_cart","ad931533-71ec-4192-bbfe-2f640401b177",,"""2025-11-17T09:24:43.409Z"""
"5391270f-1333-48be-a27f-a09f3f7e06ac","session-180","add_to_cart","ad931533-71ec-4192-bbfe-2f640401b177",,"""2025-11-26T19:41:34.460Z"""
"58bc43d3-6eb5-4e07-9ecd-f54e19c09907","session-295","add_to_cart","ad931533-71ec-4192-bbfe-2f640401b177",,"""2025-11-27T16:32:25.143Z"""
"04888b1f-3ddb-4779-9b60-2bdaed9815d3","session-272","add_to_cart","ad931533-71ec-4192-bbfe-2f640401b177",,"""2025-11-04T02:43:35.682Z"""
"ca4ba276-7656-45ee-93c8-78af028f5211","session-147","add_to_cart","ad931533-71ec-4192-bbfe-2f640401b177",,"""2025-11-22T05:25:45.363Z"""
"c43fd5af-a0f6-47e1-b036-70a369c6184d","session-355","add_to_cart","ad931533-71ec-4192-bbfe-2f640401b177",,"""2025-11-06T20:29:28.288Z"""
"26de4903-54b3-4fe5-bae3-b2f02781aba5","session-379","add_to_cart","ad931533-71ec-4192-bbfe-2f640401b177",,"""2025-11-23T21:07:44.127Z"""
"b5c420df-d44f-4b61-8b83-28fffe052eb7","session-59","add_to_cart","ad931533-71ec-4192-bbfe-2f640401b177",,"""2025-11-08T12:46:28.054Z"""
"d945a4b4-5c3c-4b45-bb27-24ba4b37cc5f","session-78","add_to_cart","ad931533-71ec-4192-bbfe-2f640401b177",,"""2025-11-07T01:19:01.603Z"""
"917f8035-53f0-4310-a156-16b5a4f902bf","session-441","add_to_cart","ad931533-71ec-4192-bbfe-2f640401b177",,"""2025-11-11T20:20:32.612Z"""
"80bac9c3-41bd-4fd7-af75-9cb45def7cc9","session-366","add_to_cart","ad931533-71ec-4192-bbfe-2f640401b177",,"""2025-12-01T06:54:04.945Z"""
"3c0c3c2b-3b0d-44f6-a406-91d49e894d72","session-74","add_to_cart","ad931533-71ec-4192-bbfe-2f640401b177",,"""2025-11-24T15:21:03.894Z"""
"218f367d-f1f3-4772-9344-ce5eb10a5feb","session-54","add_to_cart","ad931533-71ec-4192-bbfe-2f640401b177",,"""2025-11-13T22:14:48.825Z"""
"778368e0-379c-4b77-9580-5b3b250351f4","session-280","add_to_cart","ad931533-71ec-4192-bbfe-2f640401b177",,"""2025-11-15T19:03:43.494Z"""
"b1f15393-5696-42e2-8761-2d8b59fcae5f","session-125","add_to_cart","ad931533-71ec-4192-bbfe-2f640401b177",,"""2025-11-18T21:49:48.235Z"""
"94b0bf74-75c0-468b-b023-c64e78a7ff59","session-355","add_to_cart","ad931533-71ec-4192-bbfe-2f640401b177",,"""2025-11-20T17:32:32.675Z"""
"1160986b-642a-4692-8b68-6e433430317a","session-257","add_to_cart","ad931533-71ec-4192-bbfe-2f640401b177",,"""2025-11-27T11:10:11.546Z"""
"5f92d72c-6849-4f97-bcc2-af63c9fdc11f","session-303","add_to_cart","ad931533-71ec-4192-bbfe-2f640401b177",,"""2025-11-27T13:18:01.022Z"""
"d1fc0d09-71ab-4acb-9628-377904e99717","session-461","add_to_cart","ad931533-71ec-4192-bbfe-2f640401b177",,"""2025-11-08T14:51:39.834Z"""
"03d41a9e-f2f2-43de-b60b-928392ff8b70","session-161","add_to_cart","ad931533-71ec-4192-bbfe-2f640401b177",,"""2025-11-17T02:42:33.819Z"""
"6e16be89-e43f-4b14-ad3f-e6a4f5e290c1","session-335","add_to_cart","ad931533-71ec-4192-bbfe-2f640401b177",,"""2025-11-05T15:39:23.674Z"""
"e7ab4ccb-555e-4ed4-a693-5c8d2a49ab71","session-64","add_to_cart","ad931533-71ec-4192-bbfe-2f640401b177",,"""2025-11-30T04:16:40.315Z"""
"d940aa03-3575-4031-8c45-9f1bb3db5216","session-477","add_to_cart","ad931533-71ec-4192-bbfe-2f640401b177",,"""2025-11-18T02:05:46.626Z"""
"82c0c46c-755f-4d17-8676-c4547aa1ad8b","session-230","add_to_cart","ad931533-71ec-4192-bbfe-2f640401b177",,"""2025-11-05T00:34:15.953Z"""
"b6ec3adb-326b-412b-a416-689673fd7c43","session-365","add_to_cart","ad931533-71ec-4192-bbfe-2f640401b177",,"""2025-12-02T16:55:39.734Z"""
"d998ccbf-1da5-4c59-9423-3654f756131c","session-285","add_to_cart","ad931533-71ec-4192-bbfe-2f640401b177",,"""2025-11-19T12:35:56.649Z"""
"6167f85e-c31c-4727-9250-81cebb020c40","session-9","add_to_cart","ad931533-71ec-4192-bbfe-2f640401b177",,"""2025-11-16T21:58:26.642Z"""
"e6739612-b7c2-459d-b6dc-037dfa2b64e1","session-482","add_to_cart","ad931533-71ec-4192-bbfe-2f640401b177",,"""2025-11-08T13:56:52.147Z"""
"e614963d-2921-4a38-bd6b-525357b2748e","session-200","add_to_cart","ad931533-71ec-4192-bbfe-2f640401b177",,"""2025-11-27T20:06:09.862Z"""
"f200fc11-b5af-4300-a746-ef111c60992f","session-340","add_to_cart","ad931533-71ec-4192-bbfe-2f640401b177",,"""2025-11-30T01:50:41.013Z"""
"43695eca-42e6-4be2-a591-7d60a32572ae","session-352","add_to_cart","ad931533-71ec-4192-bbfe-2f640401b177",,"""2025-11-20T16:36:55.856Z"""
"8af46d00-a9d0-49d1-82d7-3ef478883a7a","session-354","add_to_cart","ad931533-71ec-4192-bbfe-2f640401b177",,"""2025-11-16T11:56:44.801Z"""
"c0756166-e6db-4d83-be90-ee3e2240c6a7","session-158","add_to_cart","ad931533-71ec-4192-bbfe-2f640401b177",,"""2025-12-02T04:56:47.466Z"""
"1fabfb6a-06c6-4328-babd-97daf490734f","session-43","add_to_cart","ad931533-71ec-4192-bbfe-2f640401b177",,"""2025-11-18T07:37:37.109Z"""
"9893c73a-8810-4ccf-801d-29352f887507","session-226","add_to_cart","ad931533-71ec-4192-bbfe-2f640401b177",,"""2025-11-09T04:44:46.559Z"""
"758cb426-e39f-417a-b56c-5edc2a2636a1","session-208","add_to_cart","ad931533-71ec-4192-bbfe-2f640401b177",,"""2025-11-13T00:15:30.853Z"""
"5e6d3ff7-5d2f-49b5-bc4f-166ccba9c7d3","session-486","add_to_cart","ad931533-71ec-4192-bbfe-2f640401b177",,"""2025-11-11T18:17:53.913Z"""
"4f500852-78f6-4fd9-83b3-10fa4be4afc6","session-133","add_to_cart","ad931533-71ec-4192-bbfe-2f640401b177",,"""2025-11-24T14:28:11.516Z"""
"68e9f923-72d8-4b85-a8f2-2b95869b1c9d","session-488","add_to_cart","ad931533-71ec-4192-bbfe-2f640401b177",,"""2025-11-19T04:21:26.609Z"""
"d3c73d9f-db6b-4803-aff1-87c18f6b37be","session-388","add_to_cart","ad931533-71ec-4192-bbfe-2f640401b177",,"""2025-11-05T10:06:01.287Z"""
"f3e2188e-60fe-4365-96f5-9f9c47b5d602","session-445","add_to_cart","ad931533-71ec-4192-bbfe-2f640401b177",,"""2025-11-09T16:30:48.864Z"""
"12a1e9c4-abd6-4bad-a524-2d52aff4f91e","session-9","add_to_cart","ad931533-71ec-4192-bbfe-2f640401b177",,"""2025-11-23T13:41:07.750Z"""
"78bcb2f6-2583-43a8-b1ac-214426861ab5","session-18","add_to_cart","ad931533-71ec-4192-bbfe-2f640401b177",,"""2025-11-14T19:05:45.223Z"""
"c89ec081-07b3-4993-885e-4537863ef0ec","session-205","add_to_cart","ad931533-71ec-4192-bbfe-2f640401b177",,"""2025-11-29T13:14:23.612Z"""
"097cf56b-2877-4caa-8de8-d4256d75a490","session-198","add_to_cart","ad931533-71ec-4192-bbfe-2f640401b177",,"""2025-11-25T14:06:21.939Z"""
"e4e0c315-14f1-4ada-8a06-81f45dcadf60","session-379","add_to_cart","ad931533-71ec-4192-bbfe-2f640401b177",,"""2025-12-01T17:38:10.603Z"""
"9fb74b9d-8239-4dd4-a653-0c6ffb0443ef","session-324","add_to_cart","ad931533-71ec-4192-bbfe-2f640401b177",,"""2025-11-25T05:28:38.851Z"""
"b9db4c77-3435-4284-92b4-98a758a977aa","session-474","add_to_cart","ad931533-71ec-4192-bbfe-2f640401b177",,"""2025-11-06T15:25:06.866Z"""
"5ead3bec-0cea-4a51-b613-1d9a6ab7e142","session-278","add_to_cart","ad931533-71ec-4192-bbfe-2f640401b177",,"""2025-11-20T06:08:49.286Z"""
"81f206d1-c782-4f4b-a753-14f0dc2bb84d","session-433","add_to_cart","ad931533-71ec-4192-bbfe-2f640401b177",,"""2025-11-25T05:46:05.125Z"""
"066a7bf3-4d7d-4ecb-9294-e961c5e9d6e1","session-384","add_to_cart","ad931533-71ec-4192-bbfe-2f640401b177",,"""2025-11-09T13:02:24.407Z"""
"6e2bc9d3-c9d8-4452-8e9f-349d17fb2438","session-214","add_to_cart","ad931533-71ec-4192-bbfe-2f640401b177",,"""2025-11-16T19:05:23.617Z"""
"97c5427a-26b4-46aa-949c-ceb14eb2e6f6","session-444","add_to_cart","ad931533-71ec-4192-bbfe-2f640401b177",,"""2025-11-10T17:23:15.745Z"""
"292f46a3-07ac-4a07-bbdf-dd2ec3a24873","session-347","add_to_cart","ad931533-71ec-4192-bbfe-2f640401b177",,"""2025-11-19T02:01:35.289Z"""
"01b62eb4-58a6-4471-b33e-f0a0e8d9a620","session-218","add_to_cart","ad931533-71ec-4192-bbfe-2f640401b177",,"""2025-11-16T04:58:06.838Z"""
"66a62d93-fe18-4a4d-9e9f-c86bc4b74992","session-337","add_to_cart","ad931533-71ec-4192-bbfe-2f640401b177",,"""2025-11-30T10:26:14.114Z"""
"87d970b4-6bc4-4491-9e39-77549f39f539","session-381","add_to_cart","ad931533-71ec-4192-bbfe-2f640401b177",,"""2025-11-22T18:54:32.128Z"""
"3f8b1338-8d3a-4eea-8a60-c421c3a9f326","session-114","add_to_cart","ad931533-71ec-4192-bbfe-2f640401b177",,"""2025-11-06T16:03:42.560Z"""
"761b6426-b590-452c-9552-dcc97a6e92c3","session-93","add_to_cart","ad931533-71ec-4192-bbfe-2f640401b177",,"""2025-11-12T05:35:49.197Z"""
"a71e33f2-ed86-40bd-94c8-e02896406fc8","session-380","add_to_cart","ad931533-71ec-4192-bbfe-2f640401b177",,"""2025-11-21T18:25:52.858Z"""
"be4661d8-dc39-43cf-a9c3-4d6027d48633","session-355","add_to_cart","ad931533-71ec-4192-bbfe-2f640401b177",,"""2025-11-05T07:06:36.385Z"""
"4a841a11-9a7e-471f-864a-14d87490948c","session-198","add_to_cart","ad931533-71ec-4192-bbfe-2f640401b177",,"""2025-11-19T12:30:47.732Z"""
"73227cc5-0334-479e-80e8-972be5b77687","session-397","add_to_cart","ad931533-71ec-4192-bbfe-2f640401b177",,"""2025-12-02T01:07:07.143Z"""
"88297700-e81e-44b9-8e78-6ffc81008c4a","session-44","add_to_cart","ad931533-71ec-4192-bbfe-2f640401b177",,"""2025-11-20T04:05:35.277Z"""
"f9fef5fb-5185-48cc-a5a3-6534d948b090","session-463","add_to_cart","ad931533-71ec-4192-bbfe-2f640401b177",,"""2025-11-10T12:08:25.672Z"""
"e86c0e77-db66-47fc-8fb8-d243a74e9f50","session-310","add_to_cart","ad931533-71ec-4192-bbfe-2f640401b177",,"""2025-11-04T17:16:37.651Z"""
"4239ca58-396b-4e91-8caa-f83160771423","session-332","add_to_cart","ad931533-71ec-4192-bbfe-2f640401b177",,"""2025-11-19T00:48:48.596Z"""
"b284e0f2-7e8c-4b5e-a8eb-e9274e0ff1ce","session-324","add_to_cart","ad931533-71ec-4192-bbfe-2f640401b177",,"""2025-11-27T04:01:38.534Z"""
"8c7b75a1-7e70-4d2b-ae41-b4fcf68d79c0","session-81","add_to_cart","ad931533-71ec-4192-bbfe-2f640401b177",,"""2025-11-16T15:28:02.402Z"""
"518dc7c4-883b-45f5-adbe-de4c2fdd3c24","session-17","add_to_cart","ad931533-71ec-4192-bbfe-2f640401b177",,"""2025-11-21T22:53:21.399Z"""
"69eee8eb-3f42-4b26-95c1-01d33d535f91","session-5","add_to_cart","ad931533-71ec-4192-bbfe-2f640401b177",,"""2025-11-20T07:08:18.574Z"""
"4ec80477-9524-42c8-9d72-42187810be10","session-496","add_to_cart","ad931533-71ec-4192-bbfe-2f640401b177",,"""2025-11-23T01:27:32.990Z"""
"e410263b-9cfd-46d2-a29f-84f24e1d692c","session-96","add_to_cart","ad931533-71ec-4192-bbfe-2f640401b177",,"""2025-11-11T06:29:10.942Z"""
"90375e91-a576-4efa-ba49-06f46e4a08e3","session-209","add_to_cart","ad931533-71ec-4192-bbfe-2f640401b177",,"""2025-11-10T15:28:26.958Z"""
"9657ee02-0f76-4eb4-aaf4-cf18a7cd7141","session-310","add_to_cart","ad931533-71ec-4192-bbfe-2f640401b177",,"""2025-11-19T09:20:47.959Z"""
"9552fe4c-537c-455b-bd65-1dc96d39981d","session-283","add_to_cart","ad931533-71ec-4192-bbfe-2f640401b177",,"""2025-11-30T21:46:21.104Z"""
"2038a8cf-b780-47ae-a7a8-c2088592f804","session-79","add_to_cart","ad931533-71ec-4192-bbfe-2f640401b177",,"""2025-11-07T07:21:52.005Z"""
"220fd90b-2068-4dc2-b6a5-3b5792b20c88","session-124","add_to_cart","ad931533-71ec-4192-bbfe-2f640401b177",,"""2025-12-01T18:31:55.392Z"""
"3e58ab1f-a5a0-4967-87aa-6268572e1607","session-8","add_to_cart","ad931533-71ec-4192-bbfe-2f640401b177",,"""2025-11-13T12:14:05.129Z"""
"bc2df162-dc2e-429a-83a0-1bf3e988e75e","session-412","add_to_cart","ad931533-71ec-4192-bbfe-2f640401b177",,"""2025-11-21T11:17:37.590Z"""
"634074a0-2649-4920-9745-79dc75d6ac29","session-291","add_to_cart","ad931533-71ec-4192-bbfe-2f640401b177",,"""2025-11-04T21:48:42.448Z"""
"fba3fc75-bbc5-4af2-9d72-da745f94a03a","session-108","add_to_cart","ad931533-71ec-4192-bbfe-2f640401b177",,"""2025-11-29T12:44:08.009Z"""
"9248931f-d1d3-46ee-81e9-cbd0a8c0a566","session-179","add_to_cart","ad931533-71ec-4192-bbfe-2f640401b177",,"""2025-11-03T19:42:59.212Z"""
"a44f56b7-e283-4414-9943-4ca73b25e758","session-276","add_to_cart","ad931533-71ec-4192-bbfe-2f640401b177",,"""2025-11-03T10:04:38.482Z"""
"697c3c9e-7eb4-40f1-8928-ee752ad0b441","session-165","add_to_cart","ad931533-71ec-4192-bbfe-2f640401b177",,"""2025-12-01T19:57:56.234Z"""
"a301e0e5-52ad-498a-ba24-f9e1364cf50b","session-35","add_to_cart","ad931533-71ec-4192-bbfe-2f640401b177",,"""2025-12-02T10:50:51.866Z"""
"3e49ae3b-c532-4403-9c80-f76a1656e9a3","session-187","add_to_cart","ad931533-71ec-4192-bbfe-2f640401b177",,"""2025-11-07T11:30:06.108Z"""
"012c9dc8-37b5-4ac0-8d6f-db121ec2d244","session-67","add_to_cart","ad931533-71ec-4192-bbfe-2f640401b177",,"""2025-11-15T14:36:49.279Z"""
"296cd864-16fd-458c-8de4-0ad0de955f56","session-442","add_to_cart","ad931533-71ec-4192-bbfe-2f640401b177",,"""2025-11-22T05:16:05.378Z"""
"1fd2025e-c574-40a8-9c6e-8a329349325b","session-476","add_to_cart","ad931533-71ec-4192-bbfe-2f640401b177",,"""2025-11-29T19:02:37.810Z"""
"9bf411e0-2e29-4047-adbf-ab26cb424ef3","session-123","add_to_cart","ad931533-71ec-4192-bbfe-2f640401b177",,"""2025-11-13T19:39:13.225Z"""
"5f792981-2242-4200-9b75-a1c91bd93e65","session-82","add_to_cart","ad931533-71ec-4192-bbfe-2f640401b177",,"""2025-11-08T15:03:54.829Z"""
"f7464c9e-ca9a-440a-8978-77f354402012","session-218","add_to_cart","ad931533-71ec-4192-bbfe-2f640401b177",,"""2025-11-13T15:15:07.056Z"""
"c2258745-58bb-4b27-adda-714098e9bdbb","session-365","add_to_cart","ad931533-71ec-4192-bbfe-2f640401b177",,"""2025-12-01T03:44:08.035Z"""
"7a2d44fa-4dea-455e-9d91-3fcae28a1f99","session-418","add_to_cart","ad931533-71ec-4192-bbfe-2f640401b177",,"""2025-11-05T02:40:46.046Z"""
"a2b6b62a-a570-4e45-a2cc-dcf7187a69d7","session-414","add_to_cart","ad931533-71ec-4192-bbfe-2f640401b177",,"""2025-11-14T18:37:34.954Z"""
"c8a6bdb1-9df9-4e7a-ad6f-c797c3b0dac4","session-34","add_to_cart","ad931533-71ec-4192-bbfe-2f640401b177",,"""2025-11-24T14:36:45.879Z"""
"34b73ee9-367e-4545-81bd-926b6149ab8d","session-58","add_to_cart","ad931533-71ec-4192-bbfe-2f640401b177",,"""2025-11-23T02:59:10.117Z"""
"a0d6886d-2522-4380-a08c-25bf62a4a90b","session-172","add_to_cart","ad931533-71ec-4192-bbfe-2f640401b177",,"""2025-11-09T00:43:16.485Z"""
"61ea7a92-6e10-4891-949e-d6b4d2515a79","session-244","add_to_cart","ad931533-71ec-4192-bbfe-2f640401b177",,"""2025-11-20T10:03:30.577Z"""
"c1f7b7d0-9319-41c6-9684-99f85608dc71","session-264","add_to_cart","ad931533-71ec-4192-bbfe-2f640401b177",,"""2025-11-19T09:08:12.594Z"""
"1b9deb91-0c82-4ae0-b4f1-83a35f4d0db5","session-30","add_to_cart","ad931533-71ec-4192-bbfe-2f640401b177",,"""2025-11-12T11:56:44.973Z"""
"978a90ab-867d-4367-bcd7-d8825f2e1efc","session-120","add_to_cart","ad931533-71ec-4192-bbfe-2f640401b177",,"""2025-11-13T03:53:30.299Z"""
"8d699b11-e0b7-41a6-a022-69fabcf744f0","session-477","add_to_cart","ad931533-71ec-4192-bbfe-2f640401b177",,"""2025-11-08T19:26:39.688Z"""
"6a1f91af-4803-41e5-8729-6e6cfa8de0f3","session-210","add_to_cart","ad931533-71ec-4192-bbfe-2f640401b177",,"""2025-12-01T08:36:32.552Z"""
"70d2e27b-7ea6-4ddb-baf6-4b65a425f9d1","session-430","add_to_cart","ad931533-71ec-4192-bbfe-2f640401b177",,"""2025-11-10T08:48:55.775Z"""
"b18f9ca5-8d36-443d-9413-5bb1132b173e","session-81","add_to_cart","ad931533-71ec-4192-bbfe-2f640401b177",,"""2025-11-26T05:32:22.872Z"""
"aa5e5772-c848-435f-b790-4dc6a5cfb33c","session-47","add_to_cart","ad931533-71ec-4192-bbfe-2f640401b177",,"""2025-11-21T00:06:49.295Z"""
"b1b30c78-3d22-4f27-a1dc-4df37519493c","session-390","add_to_cart","ad931533-71ec-4192-bbfe-2f640401b177",,"""2025-11-21T22:31:16.875Z"""
"f15944a6-b6ff-4b1f-95a7-6fc8c2ad33ae","session-207","add_to_cart","ad931533-71ec-4192-bbfe-2f640401b177",,"""2025-11-09T22:56:49.885Z"""
"61e78783-b416-4efe-b3c2-f5f91834089c","session-393","add_to_cart","ad931533-71ec-4192-bbfe-2f640401b177",,"""2025-11-29T16:26:46.506Z"""
"95de3cc6-5602-4d94-af38-7b7b34fa4c1f","session-227","add_to_cart","ad931533-71ec-4192-bbfe-2f640401b177",,"""2025-12-02T10:08:58.884Z"""
"c87016da-0d1d-4714-ad44-a6a8e9738995","session-414","add_to_cart","ad931533-71ec-4192-bbfe-2f640401b177",,"""2025-11-04T17:29:38.248Z"""
"ebdc8545-8e3b-41ad-bc65-89c191ddfef1","session-76","add_to_cart","ad931533-71ec-4192-bbfe-2f640401b177",,"""2025-11-09T03:04:57.554Z"""
"b9d78b18-1d29-404e-b91f-a2cf2cd7047a","session-139","add_to_cart","ad931533-71ec-4192-bbfe-2f640401b177",,"""2025-11-29T05:27:36.552Z"""
"5d097166-eca5-4b6d-8fd4-00b434ea27f6","session-223","add_to_cart","ad931533-71ec-4192-bbfe-2f640401b177",,"""2025-11-21T12:58:28.222Z"""
"95b97145-ccb9-4392-a3de-56aa31af0ce2","session-125","add_to_cart","ad931533-71ec-4192-bbfe-2f640401b177",,"""2025-11-09T22:25:23.588Z"""
"345f657b-90dc-4a91-af97-50a8d84088b6","session-491","add_to_cart","ad931533-71ec-4192-bbfe-2f640401b177",,"""2025-11-17T08:29:58.930Z"""
"4da05a25-2bcb-43c1-87ec-817df6f55ab6","session-107","add_to_cart","ad931533-71ec-4192-bbfe-2f640401b177",,"""2025-11-27T11:59:27.858Z"""
"f2c078b3-bf9c-412e-a3db-394031e83a41","session-127","add_to_cart","ad931533-71ec-4192-bbfe-2f640401b177",,"""2025-11-16T06:55:58.644Z"""
"d5c90237-09ee-48d6-ad2b-7da499c8c0dd","session-381","add_to_cart","ad931533-71ec-4192-bbfe-2f640401b177",,"""2025-12-02T11:58:06.406Z"""
"82f3ab0d-aab9-4065-a797-7db0545f3bdc","session-451","add_to_cart","ad931533-71ec-4192-bbfe-2f640401b177",,"""2025-11-19T10:23:43.644Z"""
"68cfbeef-44e6-446e-bcdb-9ab862e8e1a1","session-218","add_to_cart","ad931533-71ec-4192-bbfe-2f640401b177",,"""2025-12-01T03:42:49.470Z"""
"debe89ca-b287-4aa8-a8a7-ddbedefc893f","session-405","add_to_cart","ad931533-71ec-4192-bbfe-2f640401b177",,"""2025-11-14T04:17:46.982Z"""
"837bf9c8-a630-4ec1-abf6-9db432d143bd","session-108","add_to_cart","ad931533-71ec-4192-bbfe-2f640401b177",,"""2025-11-27T15:15:12.517Z"""
"fdc484dd-be45-4b44-acad-455e82f4e41a","session-134","add_to_cart","ad931533-71ec-4192-bbfe-2f640401b177",,"""2025-11-22T06:03:20.178Z"""
"2c0533d6-4fb6-4d13-bce0-547003248460","session-39","add_to_cart","ad931533-71ec-4192-bbfe-2f640401b177",,"""2025-11-06T17:36:30.135Z"""
"e689cc75-ee46-4e10-9f1c-f24c3ea6bb0d","session-374","add_to_cart","ad931533-71ec-4192-bbfe-2f640401b177",,"""2025-11-20T22:35:35.414Z"""
"196c96af-fdb9-4d16-abe9-afa7f4332cce","session-62","add_to_cart","ad931533-71ec-4192-bbfe-2f640401b177",,"""2025-11-15T09:00:20.628Z"""
"d29963a6-f802-4b26-8603-56e6b66cfcd7","session-19","add_to_cart","ad931533-71ec-4192-bbfe-2f640401b177",,"""2025-11-25T13:47:22.181Z"""
"13024dc1-a89d-4e36-bcf6-d6c9b12922f6","session-267","add_to_cart","ad931533-71ec-4192-bbfe-2f640401b177",,"""2025-11-29T08:46:13.357Z"""
"25fc4f1e-de74-42c6-b42c-c89b0dda3d35","session-444","add_to_cart","ad931533-71ec-4192-bbfe-2f640401b177",,"""2025-11-30T21:03:27.455Z"""
"7ef82794-50e5-48be-a5a7-24f2784cf508","session-36","add_to_cart","ad931533-71ec-4192-bbfe-2f640401b177",,"""2025-12-01T02:23:37.101Z"""
"011faaa9-821e-4e08-906c-6f4e805ad9bb","session-494","add_to_cart","ad931533-71ec-4192-bbfe-2f640401b177",,"""2025-11-22T13:23:42.568Z"""
"0bf6d023-30c7-4a38-aa02-e063c6db88a4","session-227","add_to_cart","ad931533-71ec-4192-bbfe-2f640401b177",,"""2025-11-15T15:52:32.458Z"""
"9a06e043-e753-4785-8f82-a1a0e42ce5c8","session-45","add_to_cart","ad931533-71ec-4192-bbfe-2f640401b177",,"""2025-11-25T22:41:28.288Z"""
"69f1a506-d61c-4c8a-8070-c1ca55d474af","session-181","add_to_cart","ad931533-71ec-4192-bbfe-2f640401b177",,"""2025-11-10T03:16:08.814Z"""
"c49a6427-f8ce-43d4-a26b-110c727bfa45","session-34","add_to_cart","ad931533-71ec-4192-bbfe-2f640401b177",,"""2025-11-29T14:37:34.696Z"""
"ac84098a-e2f6-4ae6-a662-90b6935b6323","session-215","add_to_cart","ad931533-71ec-4192-bbfe-2f640401b177",,"""2025-11-03T07:12:47.479Z"""
"5254bab7-36da-4a59-be65-f9f42190286d","session-291","add_to_cart","ad931533-71ec-4192-bbfe-2f640401b177",,"""2025-11-30T14:27:28.516Z"""
"f5d4b1e2-cfc4-4505-9cdc-34fb3260a596","session-275","add_to_cart","ad931533-71ec-4192-bbfe-2f640401b177",,"""2025-11-12T08:19:35.735Z"""
"33cf5323-9ff3-4d28-a173-a3819348b160","session-446","add_to_cart","ad931533-71ec-4192-bbfe-2f640401b177",,"""2025-11-18T12:28:32.527Z"""
"86d62fb3-c6d3-49bd-bab7-e5a856c03c85","session-250","add_to_cart","ad931533-71ec-4192-bbfe-2f640401b177",,"""2025-11-25T11:07:22.841Z"""
"a3d4ca07-649f-40f8-af99-480c3fa0253b","session-370","add_to_cart","ad931533-71ec-4192-bbfe-2f640401b177",,"""2025-11-25T12:37:22.492Z"""
"241431b1-0227-4c03-99ef-db44f0065958","session-291","add_to_cart","ad931533-71ec-4192-bbfe-2f640401b177",,"""2025-11-03T05:35:00.095Z"""
"d00ce790-c56e-4d77-9556-26c3f246d9cf","session-174","add_to_cart","ad931533-71ec-4192-bbfe-2f640401b177",,"""2025-11-09T03:19:25.291Z"""
"fc33c9f1-fc37-49bd-9526-ca3bd8e45412","session-9","add_to_cart","ad931533-71ec-4192-bbfe-2f640401b177",,"""2025-12-01T11:27:45.939Z"""
"c485b825-39c5-4889-bf08-e148058f6048","session-244","add_to_cart","ad931533-71ec-4192-bbfe-2f640401b177",,"""2025-11-09T13:21:10.410Z"""
"4182e80e-f920-44c4-9027-b497eeb7e17a","session-417","add_to_cart","ad931533-71ec-4192-bbfe-2f640401b177",,"""2025-11-03T22:21:35.386Z"""
"a9981a5d-2012-46cb-a595-4549951d1878","session-143","add_to_cart","ad931533-71ec-4192-bbfe-2f640401b177",,"""2025-11-27T09:50:15.034Z"""
"0d5a3054-f704-4a92-99f9-21636d9814b5","session-25","add_to_cart","ad931533-71ec-4192-bbfe-2f640401b177",,"""2025-11-16T03:23:42.325Z"""
"e16a6588-a440-42fe-8f86-e2e2f7d3f825","session-35","add_to_cart","ad931533-71ec-4192-bbfe-2f640401b177",,"""2025-11-04T13:03:18.742Z"""
"920bc178-9563-4cfd-83a0-86a637373db5","session-298","add_to_cart","ad931533-71ec-4192-bbfe-2f640401b177",,"""2025-11-27T18:20:20.077Z"""
"234263ba-3cff-44f3-af6d-685315c75460","session-454","add_to_cart","ad931533-71ec-4192-bbfe-2f640401b177",,"""2025-11-06T15:35:13.527Z"""
"d7092bd1-d3c6-4502-a929-bc403af09ce9","session-234","add_to_cart","ad931533-71ec-4192-bbfe-2f640401b177",,"""2025-11-13T17:35:07.390Z"""
"d1f5afff-7315-48ca-a0fd-514c2ac458ca","session-353","add_to_cart","ad931533-71ec-4192-bbfe-2f640401b177",,"""2025-11-05T04:28:45.286Z"""
"5af31e6f-1cda-4aa8-a369-5d010bbf1a8a","session-280","add_to_cart","ad931533-71ec-4192-bbfe-2f640401b177",,"""2025-11-15T13:29:59.296Z"""
"ec3e7d96-51e7-48b0-b9b9-1177282f611b","session-441","add_to_cart","ad931533-71ec-4192-bbfe-2f640401b177",,"""2025-11-08T01:43:44.764Z"""
"ae13bed3-675a-40a5-b6c2-c6c929f45825","session-182","add_to_cart","ad931533-71ec-4192-bbfe-2f640401b177",,"""2025-11-28T14:11:50.775Z"""
"ab2a160f-9053-4dc4-b7a1-51fb5e27c6d9","session-282","checkout_success",,,"""2025-11-16T05:38:47.262Z"""
"20fdf496-ab1b-4837-a754-f0289bf205f7","session-424","checkout_success",,,"""2025-11-13T04:03:01.509Z"""
"91af8097-e6eb-46bc-8d93-7d6d42d5646b","session-437","checkout_success",,,"""2025-11-06T00:27:47.443Z"""
"3f4ea2b5-32e0-4be9-a876-cfb2e670870c","session-202","checkout_success",,,"""2025-11-07T09:14:33.061Z"""
"f0d3f5e7-7b0f-49e2-bb76-b27739332121","session-290","checkout_success",,,"""2025-11-03T15:45:58.666Z"""
"330c3893-9a67-44ce-8716-9f52dbca64ba","session-480","checkout_success",,,"""2025-11-16T15:40:44.067Z"""
"0428927d-0aac-4a84-9333-ba0ba1b00420","session-50","checkout_success",,,"""2025-11-13T06:08:48.814Z"""
"2953e389-5169-44ad-94bc-f7fa8a93146e","session-35","checkout_success",,,"""2025-11-07T12:23:48.994Z"""
"ea181976-40cc-4811-a523-08577578d06b","session-351","checkout_success",,,"""2025-11-08T12:12:14.937Z"""
"8ed12126-b80a-4f2a-9de1-d20e17734c2b","session-6","checkout_success",,,"""2025-11-17T11:34:04.470Z"""
"d9f5b25b-b4df-49f8-ba4f-5db01fa9da32","session-177","checkout_success",,,"""2025-11-12T17:07:16.876Z"""
"2806f553-1f38-4ec4-937b-1caa0c4868e5","session-2","checkout_success",,,"""2025-11-30T16:52:30.948Z"""
"b9a6df27-c29f-4074-b894-ce8598ba2d0b","session-371","checkout_success",,,"""2025-11-17T16:27:59.000Z"""
"dc4eae90-df54-48c7-94c1-a7c78d558c57","session-256","checkout_success",,,"""2025-11-06T17:03:37.969Z"""
"ad6b1c7c-97ef-4500-b156-f438029dd42a","session-418","checkout_success",,,"""2025-11-19T00:53:36.921Z"""
"dd834ace-49e0-47b0-b612-81dc3f49dbf2","session-250","checkout_success",,,"""2025-11-23T05:04:08.016Z"""
"4b3365ee-5979-4dcd-b5bd-df34e1030dbb","session-297","checkout_success",,,"""2025-11-25T06:28:55.461Z"""
"bfa6ca04-d5eb-4569-826a-f32828be283d","session-69","checkout_success",,,"""2025-11-07T17:04:59.388Z"""
"32d84584-8a8b-49c7-97a4-625b878f3e48","session-38","checkout_success",,,"""2025-11-04T17:02:38.119Z"""
"12dea329-3315-413a-bf72-8f5826c43e80","session-138","checkout_success",,,"""2025-11-19T08:52:17.526Z"""
"bcbbca5b-b29c-4758-989d-29b31893263a","session-239","checkout_success",,,"""2025-11-24T02:19:09.919Z"""
"d62428ed-8e27-47a7-a993-8371feb33530","session-204","checkout_success",,,"""2025-11-26T01:47:32.842Z"""
"f01af3c4-1e82-4d5d-b47e-fb1bb9ad4701","session-389","checkout_success",,,"""2025-11-06T12:14:33.054Z"""
"a58a922e-e24c-4088-9446-48688b5f25d0","session-487","checkout_success",,,"""2025-11-29T19:39:52.170Z"""
"7332cae7-caec-4ff2-b605-db7070770d0c","session-421","checkout_success",,,"""2025-11-09T11:56:46.580Z"""
"3b0e9983-a203-4ae0-bdef-ebf7a84c6e78","session-215","checkout_success",,,"""2025-11-07T20:57:49.125Z"""
"f11e586a-f285-484b-bfed-88f23a04b4cc","session-233","checkout_success",,,"""2025-11-04T07:47:40.720Z"""
"b85c614b-aec3-40b9-b688-01d822892ed3","session-4","checkout_success",,,"""2025-11-10T14:26:29.218Z"""
"a56f515b-f4b3-44b5-8743-4ca2768ee4a7","session-441","checkout_success",,,"""2025-11-03T08:08:53.722Z"""
"e15e0b91-ec27-4062-8fad-f32d355cf5ce","session-227","checkout_success",,,"""2025-11-29T08:44:29.721Z"""
"6eae95f0-cb09-4521-bcd6-8dd67270314a","session-356","checkout_success",,,"""2025-11-28T04:38:22.077Z"""
"6245d814-ae4c-4fcd-bb95-b07911deaf02","session-269","checkout_success",,,"""2025-11-08T22:36:32.493Z"""
"308107c5-4c36-450e-bc6e-e968f64a34bc","session-462","checkout_success",,,"""2025-12-01T02:03:52.447Z"""
"b865afa6-21a9-4ed6-afbd-adc78c2f79a5","session-296","checkout_success",,,"""2025-12-01T17:42:17.845Z"""
"2cf04884-430f-4ea0-b55b-65e2ab92cd10","session-282","checkout_success",,,"""2025-11-12T22:22:32.667Z"""
"4137d89c-9b55-46af-957f-1b8c735dc41f","session-84","checkout_success",,,"""2025-11-26T00:09:50.192Z"""
"c6f761cd-72fd-4511-97ab-ea666f0dc61c","session-141","checkout_success",,,"""2025-11-17T17:01:05.269Z"""
"35256300-fe87-4e9a-88d2-706bd86dbefc","session-475","checkout_success",,,"""2025-11-30T18:34:49.174Z"""
"97d29800-68bd-4ceb-8b5f-d1e1bf27ff5a","session-166","checkout_success",,,"""2025-12-02T12:19:02.094Z"""
"b9f752c3-387c-4f3b-b42c-67e5d4b49ac9","session-92","checkout_success",,,"""2025-11-10T15:23:49.053Z"""
"929d6b9e-e012-40d7-89b0-366fe07f8056","session-324","checkout_success",,,"""2025-11-12T06:58:03.963Z"""
"84da7ff8-2186-4730-a7ea-263d865b92e8","session-178","checkout_success",,,"""2025-11-17T09:03:42.698Z"""
"5b19a15c-2eb4-46e2-b5e2-a21ad5b1f45b","session-120","checkout_success",,,"""2025-11-04T11:00:47.511Z"""
"e26f7102-3269-40ac-b153-0d3c7596de0f","session-221","checkout_success",,,"""2025-11-23T06:41:58.630Z"""
"99618c51-17a0-42ce-8b1a-50fd5eb3c74e","session-284","checkout_success",,,"""2025-11-18T02:18:03.278Z"""
"4911b31a-514a-4ec4-bb51-ca9f31932b9c","session-398","checkout_success",,,"""2025-11-23T08:21:33.060Z"""
"527ae0a6-d7c2-4931-9fba-e1f1ae60282e","session-339","checkout_success",,,"""2025-11-22T04:07:04.180Z"""
"6b648cc5-7239-4e86-b850-ab8dd59ea1ac","session-317","checkout_success",,,"""2025-11-05T14:07:50.056Z"""
"ae254e2b-fa45-4588-bc05-b7552bd4407e","session-190","checkout_success",,,"""2025-12-01T16:56:21.251Z"""
"522d1733-4813-4a25-8b5b-51bf963cd2df","session-373","checkout_success",,,"""2025-11-28T19:46:05.027Z"""
"2cb82051-2f59-42e0-a4e4-61d0e453c49d","session-476","checkout_success",,,"""2025-11-06T16:52:12.786Z"""
"34a9266b-8939-4f89-9239-1cfa67b09caa","session-18","checkout_success",,,"""2025-11-29T13:49:13.180Z"""
"7015a5ba-5f83-46d3-b9fc-a6008cd0cad7","session-122","checkout_success",,,"""2025-11-04T05:07:44.414Z"""
"c993348d-8779-42e1-b839-28d8a2a95aa5","session-471","checkout_success",,,"""2025-11-03T05:17:14.913Z"""
"c083a02e-e5b7-444d-b1e0-f9f567e588de","session-46","checkout_success",,,"""2025-11-10T06:54:14.712Z"""
"039b6cb4-f724-48db-a98a-72047facdc87","session-323","checkout_success",,,"""2025-11-05T04:54:15.300Z"""
"90150cbd-711b-4d95-a531-5bedf3303388","session-206","checkout_success",,,"""2025-11-24T15:51:44.607Z"""
"8d6867a7-917c-465b-a8fa-593d2244c53d","session-67","checkout_success",,,"""2025-11-29T13:56:47.867Z"""
"35083f0a-6517-44c0-83e6-c3638a37228e","session-82","checkout_success",,,"""2025-11-03T03:17:10.455Z"""
"efb16df1-313b-4c8d-b1aa-e7be455b6cb3","session-157","checkout_success",,,"""2025-11-15T20:23:20.801Z"""
"9240aa95-bd9b-446f-9468-96603fea5ddd","session-394","checkout_success",,,"""2025-11-21T17:23:50.143Z"""
"c5e8b961-43ef-4623-a843-8e2fe7e0b385","session-410","checkout_success",,,"""2025-11-07T01:44:13.881Z"""
"b3f9edf1-8283-4b78-bb75-57ae83ab8ed3","session-292","checkout_success",,,"""2025-11-07T19:12:40.640Z"""
"c8e6b706-bafc-4753-88dd-ca24a90c9ec6","session-481","checkout_success",,,"""2025-11-10T19:14:59.841Z"""
"3ca81e41-f9a5-4b28-888b-b0618315ae16","session-71","checkout_success",,,"""2025-11-19T15:11:43.520Z"""
"b1d8dfd4-3872-4fda-ad3d-2e5958ec0c36","session-113","checkout_success",,,"""2025-11-11T01:04:14.282Z"""
"f62bebb2-2466-4f4c-b620-669704b2739d","session-149","checkout_success",,,"""2025-11-05T13:52:59.071Z"""
"064930e6-4dd1-4e3f-96e2-1356537cc437","session-146","checkout_success",,,"""2025-11-14T10:16:17.079Z"""
"947eba59-a523-4cdb-9fd8-7090180d8b3d","session-298","checkout_success",,,"""2025-12-02T19:42:20.452Z"""
"65df97c0-a8ee-4e64-8bcb-d4b3ef2f0315","session-190","checkout_success",,,"""2025-11-14T04:59:57.524Z"""
"6169192d-5e34-4d84-bfd2-6304064571cf","session-495","checkout_success",,,"""2025-11-03T03:06:45.615Z"""
"6da16569-652d-4493-b1ba-8dd9fd9c4d5a","session-107","checkout_success",,,"""2025-11-07T01:37:56.416Z"""
"ab982920-031d-4eeb-8244-ad3e2d0837a2","session-3","checkout_success",,,"""2025-11-08T15:24:37.071Z"""
"80576796-5eb2-4392-9f0f-4662c9dce522","session-160","checkout_success",,,"""2025-11-07T06:37:31.007Z"""
"eb15ae38-c7fb-493e-82ec-1b60dc81e5c0","session-446","checkout_success",,,"""2025-11-12T00:18:46.277Z"""
"2452e0f5-cffd-47a3-a62e-2efa3575f257","session-208","checkout_success",,,"""2025-11-23T09:28:47.545Z"""
"57a1e22a-fb8c-42ea-9b58-d3a605fedce2","session-369","checkout_success",,,"""2025-11-04T17:41:06.632Z"""
"82d55446-a432-4fe3-8839-7400034227c1","session-131","checkout_success",,,"""2025-11-23T01:37:45.242Z"""
"082b2816-7736-4c8c-ba18-6a59b9b89905","session-372","checkout_success",,,"""2025-11-12T08:24:15.253Z"""
"54da2804-0179-4dc5-9743-500eb70461ec","session-155","checkout_success",,,"""2025-11-21T00:04:20.088Z"""
"9fea2ad2-e91b-47e1-8fc7-31e6a7d3f466","session-436","checkout_success",,,"""2025-11-19T01:56:30.854Z"""
"e204e7a6-8889-4164-a5e6-317aadd48baf","session-415","checkout_success",,,"""2025-11-05T16:50:31.345Z"""
"41b00c6d-88e5-424e-8cc4-7d8b50b1227b","session-9","checkout_success",,,"""2025-11-08T13:03:59.074Z"""
"15058d0c-d9cb-49b5-aae6-68bbc10a0ff9","session-251","checkout_success",,,"""2025-11-29T15:37:06.068Z"""
"7c9a6d21-fb40-474e-bce1-e942515d0a49","session-267","checkout_success",,,"""2025-11-06T07:11:03.112Z"""
"f84c8646-d7de-4322-9e10-7b822f531bf1","t1GyJ_SYAFokKvuN9cMf4c1g2bBQQiQZ","add_to_cart","2848cc9b-4992-45a8-a8db-b8705ad48558",,"""2025-12-08T14:32:15.902Z"""