id,slug,title,excerpt,content,author,published_date,category,featured_image,views,created_at
"3bd5e801-0a45-4fa1-a386-02bc24cb99da","engwe-ep2-boost-30-review-2025","ENGWE EP-2 Boost 3.0 Review: The Ultimate Folding Fat Tyre Electric Bike","We put the new ENGWE EP-2 Boost 3.0 through its paces. Here's our comprehensive review of this powerful folding Electric bike.","## ENGWE EP-2 Boost 3.0: A Comprehensive Review

The ENGWE EP-2 Boost 3.0 has arrived, and it's making serious waves in the UK Electric bike market. We've spent several weeks testing this impressive folding fat tyre e-bike, and here's everything you need to know.

### First Impressions

Right out of the box, the EP-2 Boost 3.0 impresses with its build quality. The sturdy aluminium frame feels robust, and the 20x4.0 inch fat tyres give it an imposing, adventure-ready appearance. Available in multiple colours including the stunning teal green, there's an option to suit every taste.

### Performance

The 250W motor (UK road-legal) provides smooth, reliable power assistance up to 15.5mph. What really sets this bike apart is its torque - hill climbing is effortless, even on steeper gradients. The hydraulic disc brakes offer confident stopping power in all conditions.

### Battery and Range

The 48V 13Ah battery delivers an impressive range of up to 100km on a single charge with pedal assist. Real-world testing in mixed terrain averaged around 70-80km, which is excellent for a folding e-bike. Charging takes approximately 6-7 hours from empty.

### Comfort and Handling

Front suspension does a brilliant job of absorbing bumps, while the fat tyres provide additional cushioning and excellent grip on various surfaces. The adjustable seat post and handlebars allow riders from 5'4"" to 6'2"" to find their perfect position.

### Folding Mechanism

The folding system is straightforward and secure. Within 30 seconds, the bike folds down to a compact size that fits in most car boots. At 30kg, it's not the lightest, but the robust construction justifies the weight.

### Verdict

The ENGWE EP-2 Boost 3.0 represents outstanding value for money. It combines practical folding capability with genuine off-road ability, making it perfect for commuters who occasionally venture off the beaten path.

**Rating: 4.8/5**

**Pros:**
- Excellent range
- Powerful motor
- Quality hydraulic brakes
- Comfortable ride
- Versatile fat tyres

**Cons:**
- Weight may be challenging for some
- Takes practice to fold quickly

*Available now at Ozeco with free UK delivery and full warranty.*","Ozeco Team","""2025-11-08T00:00:00.000Z""","Reviews","/blog/engwe-ep2-boost-review.jpg","2134","""2025-12-09T21:18:00.474Z"""
"84841a80-4b6a-43c7-8557-be1c637f6055","how-to-maintain-your-electric-bike","How to Maintain Your Electric Bike: Essential Care Guide","Keep your e-bike running smoothly with our comprehensive maintenance guide. Learn essential care tips, troubleshooting advice, and when to seek professional help.","<h2>Why E-Bike Maintenance Matters</h2>
<p>Regular maintenance extends your e-bike's lifespan, ensures safe riding, and maintains optimal performance. Unlike regular bikes, e-bikes have electrical components that require special attention. However, with basic care, your electric bike will provide years of reliable service.</p>

<h2>Weekly Maintenance Tasks</h2>

<h3>Tire Pressure Check</h3>
<p>Proper tire pressure is crucial for efficiency and safety. Check your tires weekly and inflate to the recommended PSI (usually printed on the tire sidewall). Under-inflated tires increase battery drain and puncture risk.</p>

<p><strong>How to check:</strong> Use a digital pressure gauge for accuracy. Front and rear tires may require different pressures - always check both.</p>

<h3>Brake Inspection</h3>
<p>Test your brakes before every ride. Squeeze both levers - they should engage smoothly with firm resistance. If brakes feel spongy or don't stop you quickly, adjustment is needed.</p>

<h3>Light Check</h3>
<p>Ensure all lights are functioning. Clean light lenses with a damp cloth to maintain brightness. Most e-bikes draw power from the main battery, so dead lights might indicate a connection issue.</p>

<h2>Monthly Maintenance</h2>

<h3>Chain Cleaning & Lubrication</h3>
<p>A clean, lubricated chain improves efficiency and component lifespan. Here's how:</p>

<ol>
  <li>Wipe the chain with a clean rag to remove dirt</li>
  <li>Apply bike-specific lubricant to each link</li>
  <li>Pedal backwards to distribute the oil</li>
  <li>Wipe off excess lubricant</li>
</ol>

<p><strong>Pro tip:</strong> Use wet lube for rainy conditions, dry lube for summer riding.</p>

<h3>Gear System Check</h3>
<p>Shift through all gears. Each change should be smooth and precise. If gears slip or don't engage properly, cable tension may need adjustment. Consult your manual or a bike mechanic for gear indexing.</p>

<h3>Battery Care</h3>
<p>Keep battery contacts clean using a dry cloth. Check for any signs of damage or corrosion. Store your battery between 20-80% charge for optimal longevity.</p>

<h2>Quarterly Deep Clean</h2>

<h3>Full Bike Wash</h3>
<p><strong>Important:</strong> Never use a pressure washer - high-pressure water can damage electrical components.</p>

<p><strong>Washing steps:</strong></p>
<ol>
  <li>Remove the battery</li>
  <li>Use a bucket of soapy water and sponge</li>
  <li>Clean frame, wheels, and components</li>
  <li>Rinse with low-pressure water</li>
  <li>Dry thoroughly with a clean towel</li>
  <li>Reinstall battery only when bike is completely dry</li>
</ol>

<h3>Brake Pad Inspection</h3>
<p>Remove wheels to inspect brake pads. Replace if worn below 1mm thickness. Quality brake pads cost £15-30 and take 10 minutes to replace.</p>

<h2>Annual Professional Service</h2>

<p>Even with diligent home maintenance, annual professional servicing is recommended. A qualified mechanic will:</p>

<ul>
  <li>Inspect electrical connections</li>
  <li>Test battery health</li>
  <li>Adjust headset and bottom bracket</li>
  <li>True wheels if necessary</li>
  <li>Replace worn cables</li>
  <li>Update motor firmware (if applicable)</li>
</ul>

<p>Annual servicing typically costs £75-150 and prevents costly repairs down the line.</p>

<h2>Winter Storage Tips</h2>

<p>If storing your e-bike over winter:</p>

<ul>
  <li>Clean thoroughly before storage</li>
  <li>Charge battery to 60%</li>
  <li>Remove battery and store indoors</li>
  <li>Inflate tires to maximum pressure</li>
  <li>Cover bike to protect from dust</li>
  <li>Charge battery every 6-8 weeks</li>
</ul>

<h2>Troubleshooting Common Issues</h2>

<h3>Battery Won't Charge</h3>
<p><strong>Solutions:</strong> Check power outlet, inspect charger LED indicator, clean battery contacts, ensure battery isn't too cold (let it warm to room temperature).</p>

<h3>Motor Cuts Out</h3>
<p><strong>Solutions:</strong> Check battery charge level, ensure all connections are secure, verify pedal sensor alignment, restart the system.</p>

<h3>Reduced Range</h3>
<p><strong>Solutions:</strong> Check tire pressure, assess battery age (batteries degrade over 500+ cycles), reduce weight carried, use lower assistance levels.</p>

<h2>Essential Tools & Supplies</h2>

<p>Keep these items for home maintenance:</p>
<ul>
  <li>Multi-tool with Allen keys</li>
  <li>Tire pressure gauge</li>
  <li>Chain lubricant</li>
  <li>Clean rags</li>
  <li>Spare inner tubes</li>
  <li>Portable pump</li>
  <li>Degreaser</li>
</ul>

<p>Total investment: Approximately £50-75</p>

<h2>Maintenance Saves Money</h2>

<p>Regular maintenance prevents expensive repairs. A well-maintained e-bike can last 10+ years with only battery replacement needed (typically after 3-5 years). Neglected bikes may require major overhauls costing hundreds of pounds.</p>

<h2>Questions?</h2>

<p>Our expert team is always here to help. Contact us for maintenance advice, spare parts, or to book a professional service.</p>","Emma Roberts","""2024-02-28T11:00:00.000Z""","Guides","/blog/ebike_tire_pressure_maintenance.webp","672","""2025-11-15T03:58:55.757Z"""
"50e9b6a4-a7ce-415e-aea1-dfbe19efbf8f","eleglide-m1-plus-vs-m2-comparison","Eleglide M1 Plus vs M2: Which Electric Bike is Right for You?","Comparing two popular Eleglide models to help you choose. Both offer exceptional value, but which one suits your needs better? We break down the key differences.","<h2>Introduction</h2>
<p>Eleglide has become one of the most trusted names in affordable electric bikes. Their M1 Plus and M2 models both offer excellent performance and value, but they cater to slightly different needs. Let's explore the differences to help you make the right choice.</p>

<h2>Design & Build Quality</h2>
<p><strong>Eleglide M1 Plus:</strong> Features a sleek mountain bike design with 27.5-inch wheels. Its aluminium alloy frame strikes a perfect balance between strength and weight, making it suitable for both city streets and light trail riding.</p>

<p><strong>Eleglide M2:</strong> Sports a more traditional mountain bike aesthetic with 26-inch wheels. The robust frame is designed for riders who want versatility between urban commuting and weekend adventures.</p>

<h2>Motor & Performance</h2>
<p>Both models feature 250W brushless motors that comply with UK regulations. The key difference lies in their power delivery:</p>

<p>The M1 Plus offers slightly snappier acceleration, making it ideal for stop-start city riding. The M2 provides more consistent power delivery, better suited for longer journeys and varied terrain.</p>

<h2>Battery & Range</h2>
<p><strong>M1 Plus:</strong> 36V 12.5Ah battery providing up to 65 miles range<br>
<strong>M2:</strong> 36V 12.5Ah battery providing up to 60 miles range</p>

<p>Both use removable batteries for convenient charging. Real-world range depends on factors like rider weight, terrain, and assistance level used.</p>

<h2>Features Comparison</h2>
<table>
  <tr>
    <th>Feature</th>
    <th>M1 Plus</th>
    <th>M2</th>
  </tr>
  <tr>
    <td>Gears</td>
    <td>Shimano 7-Speed</td>
    <td>Shimano 7-Speed</td>
  </tr>
  <tr>
    <td>Brakes</td>
    <td>Disc Brakes</td>
    <td>Disc Brakes</td>
  </tr>
  <tr>
    <td>Suspension</td>
    <td>Front</td>
    <td>Front</td>
  </tr>
  <tr>
    <td>Display</td>
    <td>LED</td>
    <td>LED</td>
  </tr>
  <tr>
    <td>Weight</td>
    <td>23kg</td>
    <td>24kg</td>
  </tr>
</table>

<h2>Price Point</h2>
<p>The M1 Plus typically retails for £599.99, while the M2 is priced at £649.99. The £50 difference reflects the M2's enhanced components and slightly larger battery configuration.</p>

<h2>Who Should Choose Which?</h2>
<p><strong>Choose the M1 Plus if:</strong> You primarily ride in the city, value a lighter bike, and want the best price-to-performance ratio.</p>

<p><strong>Choose the M2 if:</strong> You want more versatility for weekend trails, prefer a slightly more robust build, and don't mind the extra weight.</p>

<h2>Final Verdict</h2>
<p>Both are excellent choices. The M1 Plus edges ahead for pure city commuting, while the M2 wins for riders seeking weekend adventure capability. Either way, you're getting exceptional value from a trusted brand.</p>","Sarah Thompson","""2024-03-10T14:30:00.000Z""","Comparisons","/blog/eleglide_mountain_ebike.jpg","525","""2025-11-15T03:57:57.223Z"""
"b2d3d44c-bfff-4d37-9b2d-d9c389421868","ebike-laws-uk-complete-guide","E-Bike Laws in the UK: Complete Legal Guide for 2024","Everything you need to know about e-bike regulations in the UK. Stay legal and safe with our comprehensive guide to electric bike laws, age restrictions, and where you can ride.","<h2>UK E-Bike Legal Classification</h2>
<p>In the United Kingdom, electric bikes are legally classified as ""Electrically Assisted Pedal Cycles"" (EAPCs). When they meet specific criteria, they're treated the same as conventional bicycles under UK law, meaning no license, insurance, or registration is required.</p>

<h2>Legal Requirements for E-Bikes</h2>

<p>To be classified as an EAPC in the UK, your e-bike must meet these requirements:</p>

<h3>Motor Power Limit</h3>
<p><strong>Maximum:</strong> 250 watts rated power<br>
The motor power is measured as ""rated power"" - the maximum continuous rated power of the electric motor. Peak power can briefly exceed this during acceleration.</p>

<h3>Speed Restriction</h3>
<p><strong>Maximum assisted speed:</strong> 15.5 mph (25 km/h)<br>
The motor must cut out when you reach 15.5 mph. You can pedal faster than this, but the motor won't assist beyond this speed limit.</p>

<h3>Pedal Assistance Only</h3>
<p>The motor should only engage when you pedal. Throttle-only operation is allowed up to 3.7 mph (6 km/h) for assisting starting off, but beyond that, you must pedal for motor assistance.</p>

<h3>Age Restriction</h3>
<p><strong>Minimum age:</strong> 14 years old<br>
You must be at least 14 years old to ride an e-bike on public roads in the UK.</p>

<h2>What You Don't Need</h2>

<p>If your e-bike meets the EAPC criteria:</p>

<ul>
  <li>❌ No driving license required</li>
  <li>❌ No insurance required (though recommended)</li>
  <li>❌ No registration or number plates</li>
  <li>❌ No road tax</li>
  <li>❌ No MOT or type approval</li>
  <li>❌ No mandatory helmet (but highly recommended)</li>
</ul>

<h2>Where You Can Ride</h2>

<h3>Allowed:</h3>
<ul>
  <li>✅ Roads (except motorways)</li>
  <li>✅ Cycle lanes and tracks</li>
  <li>✅ Bridleways (with landowner permission)</li>
  <li>✅ Byways and restricted byways</li>
</ul>

<h3>Not Allowed:</h3>
<ul>
  <li>❌ Motorways and A-roads with motorway restrictions</li>
  <li>❌ Footpaths (unless specifically designated for cycling)</li>
  <li>❌ Pavements (illegal to cycle on pavements)</li>
</ul>

<h2>Helmet Laws</h2>

<p><strong>Legal requirement:</strong> None<br>
<strong>Strong recommendation:</strong> ALWAYS wear a helmet</p>

<p>While helmets aren't legally mandatory in the UK for e-bike riders, they're strongly recommended. Quality cycling helmets cost £30-150 and could save your life in an accident.</p>

<h2>Lights and Reflectors</h2>

<p>When riding between sunset and sunrise, or in poor visibility:</p>

<ul>
  <li><strong>Front light:</strong> White light required</li>
  <li><strong>Rear light:</strong> Red light required</li>
  <li><strong>Rear reflector:</strong> Red reflector required</li>
  <li><strong>Pedal reflectors:</strong> Amber reflectors on each pedal</li>
</ul>

<p>Most quality e-bikes come with integrated lights. Ensure they're clean and functional before every ride.</p>

<h2>Insurance Considerations</h2>

<p>While not legally required, insurance for your e-bike is worth considering:</p>

<h3>Third Party Liability</h3>
<p>Covers damage or injury you might cause to others. Often included in home insurance policies - check your policy wording.</p>

<h3>Theft Cover</h3>
<p>E-bikes are valuable targets for thieves. Dedicated cycle insurance typically costs £5-20/month depending on bike value and location.</p>

<h3>Accidental Damage</h3>
<p>Covers repairs or replacement if you damage your bike in an accident.</p>

<h2>Non-Compliant E-Bikes</h2>

<p>If your e-bike exceeds the legal limits (over 250W motor or assists beyond 15.5mph), it's classified as a moped or motorcycle. This requires:</p>

<ul>
  <li>Valid driving license (category AM minimum)</li>
  <li>Motor vehicle insurance</li>
  <li>Vehicle registration and number plate</li>
  <li>Approved motorcycle helmet</li>
  <li>Vehicle tax</li>
</ul>

<h2>Modifications and Tuning</h2>

<p><strong>WARNING:</strong> Modifying your e-bike to exceed legal limits is illegal and dangerous.</p>

<p>Removing speed limiters or increasing motor power:</p>
<ul>
  <li>Makes your e-bike illegal for road use</li>
  <li>Invalidates your warranty</li>
  <li>Could result in prosecution</li>
  <li>May void your insurance</li>
  <li>Increases accident risk</li>
</ul>

<h2>Drink Driving Laws</h2>

<p><strong>Do they apply to e-bikes?</strong> Technically yes.</p>

<p>While rare, you can be prosecuted for cycling under the influence of alcohol or drugs. The offense is ""being in charge of a bicycle on a public road while unfit through drink or drugs"" under the Road Traffic Act 1988.</p>

<p><strong>Our advice:</strong> Never ride any vehicle, including e-bikes, while impaired.</p>

<h2>Bike Security Requirements</h2>

<p>While not legally mandated, always:</p>

<ul>
  <li>Use a quality D-lock or chain lock (Sold Secure rated)</li>
  <li>Lock your e-bike to immovable objects</li>
  <li>Remove the battery when leaving your bike</li>
  <li>Consider GPS trackers for high-value bikes</li>
  <li>Register your bike with BikeRegister</li>
</ul>

<h2>Future Legislation Changes</h2>

<p>The UK government periodically reviews e-bike legislation. Current discussions include:</p>

<ul>
  <li>Potential mandatory insurance</li>
  <li>E-bike registration schemes</li>
  <li>Age restriction increases</li>
  <li>Rental e-bike regulations</li>
</ul>

<p>Stay informed by checking government transport websites for updates.</p>

<h2>Common Questions Answered</h2>

<h3>Can I use an e-bike for food delivery work?</h3>
<p>Yes, as long as your e-bike meets EAPC standards. However, check if you need business insurance - personal policies may not cover commercial use.</p>

<h3>Can I take my e-bike on trains?</h3>
<p>Generally yes, but policies vary by train operator. Folding e-bikes are usually unrestricted. Check specific operator rules before traveling.</p>

<h3>Can I use cycle paths in parks?</h3>
<p>Only if cycling is permitted on that specific path. E-bikes have the same access rights as regular bicycles.</p>

<h3>What if I'm stopped by police?</h3>
<p>Police can inspect your e-bike. If compliant, you'll be on your way. Non-compliant bikes may be seized, and you could face prosecution.</p>

<h2>Stay Legal, Stay Safe</h2>

<p>All e-bikes sold by Ozeco are fully compliant with UK EAPC regulations. Every model features the correct motor power limits and speed restrictions, ensuring you can ride legally and confidently on UK roads.</p>

<p>Questions about e-bike laws? Our team can help clarify any concerns and ensure your e-bike meets all legal requirements.</p>","David Wilson","""2024-03-05T13:00:00.000Z""","Legal","/blog/person_riding_electr_cec59d99.jpg","1234","""2025-11-15T03:59:42.617Z"""
"9308ed9d-41b9-4ef8-a3cc-8158c3216a8e","uk-electric-bike-laws-complete-guide-2025","UK Electric Bike Laws 2025: Everything You Need to Know","A complete guide to UK e-bike regulations including EAPC requirements, speed limits, and where you can legally ride your Electric bike.","## Understanding UK Electric Bike Laws in 2025

Electric bikes are becoming increasingly popular across the UK, but many riders are unsure about the legal requirements. This comprehensive guide explains everything you need to know to ride legally and safely.

### What Makes an E-Bike Legal in the UK?

For an Electric bike to be classified as an Electrically Assisted Pedal Cycle (EAPC) and legal to use on UK roads without registration, tax, or insurance, it must meet these requirements:

**1. Pedals Required**
The bike must have working pedals that can be used to propel it. Twist-and-go throttles that work without pedalling are not permitted on road-legal e-bikes.

**2. Maximum Motor Power: 250W**
The continuous rated power of the motor must not exceed 250 watts. Many bikes advertise higher peak power, but the continuous rating is what matters legally.

**3. Speed Limit: 15.5mph (25km/h)**
The electric motor must cut out when the bike reaches 15.5mph. You can pedal faster than this under your own power, but the motor assistance must stop.

**4. Age Requirement**
You must be at least 14 years old to ride an EAPC on public roads.

### Where Can You Ride?

Legal EAPCs can be ridden anywhere that regular bicycles are permitted:
- Public roads
- Cycle lanes
- Bridleways (shared use paths)
- Some parks and green spaces

### What About More Powerful E-Bikes?

Electric bikes that exceed these specifications are classified as motorcycles or mopeds. They require:
- DVLA registration
- Road tax
- MOT (if over 3 years old)
- Insurance
- A valid driving licence
- A helmet

### Are All Ozeco Bikes Road Legal?

Yes! All Electric bikes sold by Ozeco are fully UK road-legal. Our bikes are configured to meet EAPC requirements with 250W motors and 15.5mph speed limiters.

### Common Misconceptions

**""E-bikes are the same as electric scooters""**
No - e-bikes with pedals that meet EAPC requirements are legal. Private electric scooters remain illegal on public roads and pavements.

**""You need insurance for an e-bike""**
Not required for EAPCs, but we recommend it for theft protection and third-party liability.

**""You need to wear a helmet""**
Not legally required for EAPCs, but strongly recommended for your safety.

### Summary

The UK has clear, sensible regulations for Electric bikes. As long as your e-bike meets EAPC requirements - pedals, 250W motor, and 15.5mph limit - you can enjoy all the benefits of electric cycling without any additional licensing or registration.

*Browse our full range of UK road-legal Electric bikes at Ozeco.*

### Ozeco Electric Bikes: UK Road Legal

The majority of Electric bikes sold at Ozeco are fully UK road-legal, meeting all EAPC requirements. Our bikes feature 250W motors with 15.5mph speed limiters as standard, so you can ride with complete confidence knowing you're complying with UK law.

Shop our full range of road-legal Electric bikes today and enjoy hassle-free cycling across the UK.","Ozeco Team","""2025-11-05T00:00:00.000Z""","Guides","/blog/uk-ebike-laws.jpg","1849","""2025-12-09T21:18:00.474Z"""
"eae8bb88-c9b9-4cd5-a5f0-09705a3fc1df","best-ebikes-for-commuting-2024","Best E-Bikes for Commuting in 2024: Top Picks for UK Riders","Discover the best electric bikes for daily commuting in 2024. From folding models to full-size bikes, we've tested and reviewed the top options for UK commuters.","<h2>Why E-Bikes Are Perfect for Commuting</h2>
<p>The daily commute doesn't have to be stressful. Electric bikes offer a practical, eco-friendly, and cost-effective alternative to cars and public transport. Arrive at work energised, not exhausted, and save money while reducing your carbon footprint.</p>

<h2>What Makes a Great Commuter E-Bike?</h2>
<p>The ideal commuter e-bike balances several key factors:</p>

<ul>
  <li><strong>Reliability:</strong> Dependable performance in all weather conditions</li>
  <li><strong>Range:</strong> Sufficient battery for your daily round trip</li>
  <li><strong>Comfort:</strong> Ergonomic design for longer rides</li>
  <li><strong>Practicality:</strong> Features like lights, mudguards, and racks</li>
  <li><strong>Security:</strong> Easy to lock and store</li>
</ul>

<h2>Top Commuter E-Bikes for 2024</h2>

<h3>1. ENGWE Engine Pro - Best All-Rounder</h3>
<p><strong>Price:</strong> £549.99<br>
<strong>Range:</strong> Up to 60 miles<br>
<strong>Why We Love It:</strong> The Engine Pro strikes the perfect balance between performance and affordability. Its 250W motor provides smooth assistance, while the removable battery makes office charging convenient. Built-in lights and a comfortable saddle make this ideal for year-round commuting.</p>

<h3>2. Eleglide M1 Plus - Best Value</h3>
<p><strong>Price:</strong> £599.99<br>
<strong>Range:</strong> Up to 65 miles<br>
<strong>Why We Love It:</strong> Exceptional value for money with premium features. The Shimano 7-speed system handles hills with ease, and the LED display provides clear information at a glance. Perfect for riders on a budget who won't compromise on quality.</p>

<h3>3. Fiido D4S - Best Folding Option</h3>
<p><strong>Price:</strong> £399.99<br>
<strong>Range:</strong> Up to 40 miles<br>
<strong>Why We Love It:</strong> Ultra-portable design perfect for multi-modal commutes. Fold it in seconds to take on trains or store under your desk. Despite its compact size, it doesn't compromise on performance.</p>

<h3>4. Touroll H7 - Best for Long Commutes</h3>
<p><strong>Price:</strong> £799.99<br>
<strong>Range:</strong> Up to 75 miles<br>
<strong>Why We Love It:</strong> If your commute exceeds 15 miles, the H7's massive battery and comfortable geometry make it the top choice. Hydraulic disc brakes provide confident stopping power in all weather.</p>

<h2>Real-World Commuting Tips</h2>

<h3>Battery Management</h3>
<p>Charge your battery after every ride to maintain optimal performance. Most e-bike batteries perform best between 20-80% charge. In winter, store your battery indoors when not in use.</p>

<h3>Route Planning</h3>
<p>Use cycling apps like Komoot or Google Maps cycling mode to find the safest and most efficient routes. Dedicated cycle lanes make your journey faster and safer.</p>

<h3>Weather Preparation</h3>
<p>Invest in quality waterproof clothing and mudguards. UK weather is unpredictable, but with the right gear, you'll stay comfortable year-round.</p>

<h3>Maintenance Schedule</h3>
<p>Keep your commuter e-bike in top condition with regular maintenance:</p>
<ul>
  <li>Weekly: Check tire pressure and lights</li>
  <li>Monthly: Clean and lubricate chain</li>
  <li>Quarterly: Brake pad inspection</li>
  <li>Annually: Full service at a bike shop</li>
</ul>

<h2>Cost Savings Calculator</h2>
<p>Let's compare the annual costs:</p>

<p><strong>Car Commuting (10 miles daily):</strong><br>
Fuel: £1,800<br>
Insurance: £800<br>
Parking: £1,200<br>
Maintenance: £500<br>
<strong>Total: £4,300/year</strong></p>

<p><strong>E-Bike Commuting:</strong><br>
Electricity: £30<br>
Maintenance: £100<br>
Insurance: £50<br>
<strong>Total: £180/year</strong></p>

<p><strong>Annual Savings: £4,120</strong> - Your e-bike pays for itself in just 2-3 months!</p>

<h2>Ready to Transform Your Commute?</h2>
<p>Browse our full range of commuter-friendly electric bikes. All models come with free UK delivery, a 12-month warranty, and expert support. Start your e-bike journey today!</p>","Michael Chen","""2024-01-20T09:00:00.000Z""","Reviews","/blog/engwe_black_cargo_ebike.jpg","892","""2025-11-15T03:58:55.757Z"""
"54b89bfc-3a0e-4ca6-9b01-38b11d63ba53","first-time-ebike-buyers-guide","First Time E-Bike Buyer's Guide: Everything You Need to Know","Thinking about buying your first electric bike? This comprehensive guide covers everything from choosing the right motor power to understanding battery ranges, helping you make an informed decision.","<h2>Why Choose an Electric Bike?</h2>
<p>Electric bikes have revolutionised urban transportation and recreational cycling. They offer the perfect balance between traditional cycling and motorised transport, making them ideal for commuters, fitness enthusiasts, and anyone looking for a sustainable way to get around.</p>

<h2>Understanding Motor Power</h2>
<p>E-bike motors typically range from 250W to 750W. In the UK, street-legal e-bikes are limited to 250W motors that assist up to 15.5mph. This is more than enough power for most riders, providing smooth assistance on hills and headwinds without feeling overpowered.</p>

<h3>Key Benefits:</h3>
<ul>
  <li><strong>Extended Range:</strong> Travel further with less effort</li>
  <li><strong>Hill Climbing:</strong> Tackle inclines with ease</li>
  <li><strong>Eco-Friendly:</strong> Zero emissions transportation</li>
  <li><strong>Cost Effective:</strong> Lower running costs than cars or public transport</li>
  <li><strong>Health Benefits:</strong> Stay active while reducing strain</li>
</ul>

<h2>Battery Capacity Explained</h2>
<p>Battery capacity is measured in watt-hours (Wh) or amp-hours (Ah). A typical e-bike battery ranges from 36V 10Ah (360Wh) to 48V 20Ah (960Wh). Larger batteries provide longer ranges but add weight and cost.</p>

<h2>Types of Electric Bikes</h2>
<p><strong>Mountain E-Bikes:</strong> Built for off-road adventures with robust frames and suspension systems.</p>
<p><strong>Folding E-Bikes:</strong> Perfect for commuters with limited storage space or multi-modal journeys.</p>
<p><strong>City E-Bikes:</strong> Designed for urban commuting with comfortable riding positions.</p>
<p><strong>Cargo E-Bikes:</strong> Extra capacity for carrying shopping, children, or equipment.</p>

<h2>What to Look For</h2>
<p>When choosing your first e-bike, consider: riding position comfort, battery range for your typical journey, weight (especially if you need to carry it), quality of components (brakes, gears, lights), and warranty coverage.</p>

<h2>Budget Considerations</h2>
<p>Quality e-bikes start from around £400 for basic folding models, with premium options reaching £2,000+. Remember that a higher price often means better components, longer battery life, and superior build quality.</p>

<h2>Ready to Start Your Journey?</h2>
<p>Browse our complete range of electric bikes from trusted brands like ENGWE, Eleglide, DYU, Duotts, Touroll, and Fiido. We offer expert advice and comprehensive support to help you find the perfect e-bike.</p>","James Mitchell","""2024-02-15T10:00:00.000Z""","Guides","/blog/engwe_orange_ebike_field.jpg","347","""2025-11-15T03:57:57.223Z"""