id,name,brand,slug,description,price,original_price,image,images,category,in_stock,is_bestseller,motor_power,battery_capacity,max_range,top_speed,weight,max_load,frame_type,features,created_at,stock_quantity,rider_height,in_the_box
"600382aa-7fd0-47a5-b448-54217b32e632","DYU D3F Electric Bike","DYU","dyu-d3f","Tiny footprint, big personality. The DYU D3F folds down to fit under train seats or in tight cupboards, yet still packs a capable 250W motor and 36V 10Ah battery for journeys up to 40 km on a single charge. The 14-inch wheels keep the overall size minimal, while the lightweight frame makes carrying it upstairs a breeze. Ideal for last-mile commuters or students hopping between campuses.","379.99","399.99","https://www.ozeco.co.uk/products/dyu-d3f/1.png","[""https://www.ozeco.co.uk/products/dyu-d3f/1.png"",""https://www.ozeco.co.uk/products/dyu-d3f/2.png"",""https://www.ozeco.co.uk/products/dyu-d3f/3.png""]","Electric Folding Bikes","false","false","250W","36V 10Ah","40 km","25 km/h","17.2kg","100 kg",,"[""250W Motor"",""Foldable Design"",""14 Inch Wheels"",""Lightweight Frame""]","""2025-11-13T21:01:51.136Z""","0","5'1"" - 5'11"" (155-180 cm)","[]"
"2848cc9b-4992-45a8-a8db-b8705ad48558","DYU A1F Pro Electric Bike","DYU","dyu-a1f-pro","Smart, space-saving electric bike designed for everyday urban commuting. With 250W motor, pedal assist, and foldable aluminium frame.","399.99","449.99","https://www.ozeco.co.uk/products/dyu-a1f-pro/1.png","[""https://www.ozeco.co.uk/products/dyu-a1f-pro/1.png"",""https://www.ozeco.co.uk/products/dyu-a1f-pro/2.png"",""https://www.ozeco.co.uk/products/dyu-a1f-pro/3.png""]","Folding","true","true","250W","36V 7.5Ah","45 km","25 km/h","22 kg","75 kg",,"[""250W Brushless Motor"",""36V Lithium Battery"",""Foldable Frame"",""Front and Rear Lights"",""Rear Cargo Rack""]","""2025-11-13T21:01:23.970Z""","3","5'0"" - 5'8"" (150-173 cm)","[]"
"9a7fe494-eeaf-4b47-939d-233bfbd01cff","Fiido D3 Pro","Fiido","fiido-d3-pro","Small on price, big on convenience. The Fiido D3 Pro is one of the most compact Electric bikes on the market, folding down in moments and sliding easily into car boots or under office desks. The 250W motor handles gentle inclines, and the 36V 7.8Ah battery covers up to 35 km on a single charge - ideal for quick dashes around town. An LED display keeps you informed, while the ultra-light build makes it a joy to carry.","439.99","529.99","https://www.ozeco.co.uk/products/fiido-d3-pro/1.png","[""https://www.ozeco.co.uk/products/fiido-d3-pro/1.png"",""https://www.ozeco.co.uk/products/fiido-d3-pro/2.png"",""https://www.ozeco.co.uk/products/fiido-d3-pro/3.png""]","Electric Folding Bikes","true","false","250W","36V 7.8Ah","35 km","25 km/h","17.3kg","100 kg",,"[""250W Motor"",""Ultra Compact"",""Quick Fold"",""LED Display""]","""2025-11-13T21:01:51.150Z""","10","4'11"" - 6'1"" (150-185 cm)","[]"
"19a9dd64-b011-44ed-b627-3347d950e1c4","ENGWE Engine X Electric Bike","ENGWE","engwe-engine-x","Versatile, foldable electric bike designed for both urban travel and off-road adventure. With powerful 250W motor, all-terrain fat tyres, and front and rear suspension.","899.99","919.99","/products/engwe-engine-x/1.png","[""/products/engwe-engine-x/1.png"",""/products/engwe-engine-x/2.png"",""/products/engwe-engine-x/3.png""]","Folding","true","false","250W","48V 13Ah","90-100 km","25 km/h","30.1 kg","150 kg",,"[""250W Brushless Motor"",""Removable 48V Battery"",""Fat 20x4.0 Tyres"",""7-Speed Shimano"",""LCD Dashboard"",""Folding Frame""]","""2025-11-13T21:01:23.971Z""","10","5'4"" - 6'2"" (163-188 cm)","[]"
"2865bc55-4d48-461f-9ac3-0db1460783f8","Eleglide M1 Plus Electric Bike","Eleglide","eleglide-m1-plus","Trusted engineering at a remarkable price. The Eleglide M1 Plus punches well above its weight with a smooth 250W motor, Shimano 7-speed gears, hydraulic suspension and reliable disc brakes. Choose between 27.5-inch (21.7 kg, 100 kg max load, rider height 165-195 cm) or 29-inch (22.8 kg, 120 kg max load, rider height 165-200 cm) wheels to suit your riding style, and enjoy up to 100 km on a single charge in assist mode. Available in two frame sizes with comfortable geometry, this is the smart choice for daily commutes and weekend explorations alike.","499.99","519.99","https://www.ozeco.co.uk/products/eleglide-m1-plus/1.png","[""https://www.ozeco.co.uk/products/eleglide-m1-plus/1.png"",""https://www.ozeco.co.uk/products/eleglide-m1-plus/2.png"",""https://www.ozeco.co.uk/products/eleglide-m1-plus/3.png""]","Mountain","true","true","250W","36V 12.5Ah","100 km","25 km/h","27.5"" - 21.7kg, 29"" - 22.8kg","100 kg (27"") / 120 kg (29"")",,"[""250W Motor, 36V"",""Shimano 7-Speed"",""Hydraulic Suspension"",""Front & Rear Disc Brakes"",""50 km Electric / 100 km Assist Range"",""LED Display"",""Removable Battery"",""Max Load 120 kg (29\"") / 100 kg (27\"")""]","""2025-11-13T21:01:23.998Z""","6","5'5"" - 6'7"" (165-200 cm)","[]"
"ad931533-71ec-4192-bbfe-2f640401b177","ENGWE T14 Electric Bike","ENGWE","engwe-t14","Slim, stylish, and wallet-friendly. The ENGWE T14 is purpose-built for city streets, weighing in light enough to carry up a flight of stairs yet sturdy enough for daily use. Its 250W motor and 36V 10Ah battery deliver up to 50 km on a single charge - plenty for the average commute and back. LED lights front and rear, plus a comfort saddle, round out a package that proves practical cycling need not cost a fortune.","474.99","494.99","/products/engwe-t14/2.png","[""/products/engwe-t14/2.png"",""/products/engwe-t14/3.png"",""/products/engwe-t14/4.png""]","Folding","false","false","250W","36V 10Ah","50 km","25 km/h","22.7kg","120 kg",,"[""250W Motor"",""Lightweight Frame"",""LED Lights"",""Comfort Saddle""]","""2025-11-13T21:01:37.327Z""","0","5'1"" - 6'5"" (155-195 cm)","[]"
"fe5d310f-8758-42c4-a651-adea08706e9a","ENGWE L20 3.0 Boost","ENGWE","engwe-l20","The workhorse of the family. With its step-through frame and sturdy cargo rack, the ENGWE L20 3.0 Boost makes school runs, shopping trips, and food deliveries effortless. The 350W motor and 48V 13Ah battery provide up to 80 km on a single charge, while puncture-resistant tyres minimise roadside hassle. Practical, reliable, and built to carry - this is everyday mobility done right.","999.99","1049.99","/products/engwe-l20/1.webp","[""/products/engwe-l20/1.webp"",""/products/engwe-l20/2.webp""]","City","true","false","350W","48V 13Ah","80 km","25 km/h","33.2kg","120 kg",,"[""350W Motor"",""Cargo Rack"",""Step-Through Frame"",""Puncture-Resistant Tires""]","""2025-11-13T21:01:37.359Z""","5","5'1"" - 6'3"" (155-190 cm)","[]"
"00b6dea8-85bd-45bc-a2fc-c7095b2c1e23","ENGWE Engine Pro 2.0 Electric Bike","ENGWE","engwe-engine-pro-2-0","Unstoppable adventure starts here. The ENGWE Engine Pro 2.0 packs a mighty 750W motor and a massive 48V 16Ah battery that pushes your range up to 110 km on a single charge. Full suspension front and rear cushions every bump, while chunky fat tyres grip loose terrain with authority. Fold it flat for transport, unfold it for freedom - this is premium off-road capability that travels with you.","1129.99","1410.00","/products/engwe-engine-pro-2-0/1.png","[""/products/engwe-engine-pro-2-0/1.png"",""/products/engwe-engine-pro-2-0/2.png"",""/products/engwe-engine-pro-2-0/3.png""]","Folding","true","false","750W","48V 16Ah","110 km","28 mph","31.6kg","120 kg",,"[""750W Motor"",""Fat Tires"",""Full Suspension"",""LCD Display"",""Long Range Battery""]","""2025-11-13T21:01:37.329Z""","8","5'4"" - 6'2"" (162-188 cm)","[]"
"85fbd8c2-0502-46c9-a2e7-464010a1fc65","Touroll J1 Electric Bike","Touroll","touroll-j1","Commuting redefined. The Touroll J1 combines a capable motor with a long-lasting 36V 15.6Ah battery for up to 100 km on a single charge in assist mode — enough for a whole week of commutes without plugging in. Five pedal assist levels (12/15/18/21/25 km/h), walk mode at 6 km/h, and a 27.5"" frame sized for riders from 160-200 cm make it supremely versatile. Hydraulic brakes deliver precise, fade-free stopping, and a smart display keeps speed, distance, and battery level always in view.","599.99","619.99","https://www.ozeco.co.uk/products/touroll-j1/1.png","[""https://www.ozeco.co.uk/products/touroll-j1/1.png"",""https://www.ozeco.co.uk/products/touroll-j1/2.png"",""https://www.ozeco.co.uk/products/touroll-j1/3.png""]","Electric Commuter Bikes","true","false","350W","36V 15.6Ah","100 km","25 km/h","26.9kg","120 kg",,"[""36V 15.6Ah Battery"",""100 km Assist Range"",""5 PAS Levels"",""Walk Mode (6 km/h)"",""Hydraulic Brakes"",""Smart Display"",""27.5\"" Frame""]","""2025-11-13T21:02:03.470Z""","10","5'3"" - 6'7"" (160-200 cm)","[]"
"dd80fb34-cedf-4c58-8fd5-2846d85171e4","Touroll J1 ST Electric Bike","Touroll","touroll-j1-st","Hop on, hop off — no fuss. The Touroll J1 ST features a low step-through frame that makes mounting and dismounting a doddle, whatever you are wearing. Under the elegant exterior sits a 250W motor and 36V 15.6Ah battery good for up to 100 km on a single charge in assist mode. With a 120 kg max load capacity, 6-8 hour charge time, comfortable saddle, and integrated rear rack, this is the go-to choice for effortless everyday riding. Recommended rider height 155-195 cm.","619.99","639.99","https://www.ozeco.co.uk/products/touroll-j1-st/1.png","[""https://www.ozeco.co.uk/products/touroll-j1-st/1.png"",""https://www.ozeco.co.uk/products/touroll-j1-st/2.png"",""https://www.ozeco.co.uk/products/touroll-j1-st/3.png""]","Electric Commuter Bikes","false","false","250W","36V 15.6Ah","100 km","25 km/h","26 kg","120 kg",,"[""250W Motor"",""36V 15.6Ah Battery"",""100 km Assist Range"",""Step-Through Frame"",""Max Load 120 kg"",""6-8 Hour Charging"",""Comfort Saddle"",""Integrated Rack"",""25 km/h Max Speed""]","""2025-11-13T21:02:03.496Z""","0","5'1"" - 6'5"" (155-195 cm)","[]"
"b975671f-5467-46c7-a73b-cbe87e2cd6f7","ENGWE EP-2 Boost Electric Bike","ENGWE","engwe-ep-2-boost","The original ENGWE EP-2 Boost that started it all. Built for riders who demand serious off-road capability without the premium price tag, this folding fat tyre e-bike weighs in at 27.5 kg and handles a maximum load of 120 kg. Its 500W motor powers through steep inclines with ease, while the 48V 15Ah battery delivers up to 100 km on a single charge. Four-inch fat tyres and front suspension absorb trail bumps effortlessly, and the folding frame makes storage and transport a doddle. Mechanical disc brakes deliver dependable stopping power in all weather conditions.","849.99","899.99","/products/engwe-ep-2-boost/black.png","[""/products/engwe-ep-2-boost/black.png"",""/products/engwe-ep-2-boost/grey.png"",""/products/engwe-ep-2-boost/orange.png""]","Folding","true","false","500W","48V 15Ah","100 km","25 km/h","27.5 kg","120 kg",,"[""500W Motor"",""48V 15Ah Battery"",""100 km Range"",""Folding Frame"",""4\"" Fat Tyres"",""Front Suspension"",""Mechanical Disc Brakes"",""120 kg Max Load""]","""2025-11-13T21:01:37.326Z""","7","5'4"" - 6'2"" (165-190 cm)","[]"
"804c4b9d-bd10-4c08-b5fc-a53d41a18804","Eleglide M2 Electric Bike","Eleglide","eleglide-m2","Go further, faster. The Eleglide M2 boasts an exceptional 125 km range on a single charge courtesy of its beefy 36V 15Ah battery — one of the longest in its class. A high-torque 250W motor paired with Shimano 21-speed gears tackles everything from flat cycle paths to steep country lanes. Hydraulic front suspension (with lockout on the 29"" model) and hydraulic disc brakes deliver control and comfort mile after mile. At 22 kg (27.5"") or 23 kg (29"") with a 120 kg load capacity, it suits commuters and weekend explorers alike. Rider height 160-195 cm (27.5"") or 170-200 cm (29"").","549.99","644.99","https://www.ozeco.co.uk/products/eleglide-m2/1.png","[""https://www.ozeco.co.uk/products/eleglide-m2/1.png"",""https://www.ozeco.co.uk/products/eleglide-m2/2.png"",""https://www.ozeco.co.uk/products/eleglide-m2/3.png""]","Mountain","true","true","250W","36V 15Ah","125 km","25 km/h","27.5"" - 22 kg, 29"" - 23 kg","120 kg",,"[""High-Torque 250W Motor"",""Removable 15Ah Battery"",""Shimano 21-Speed"",""Hydraulic Front Suspension"",""Hydraulic Disc Brakes""]","""2025-11-13T21:01:23.965Z""","8","5'3"" - 6'7"" (160-200 cm)","[]"
"cb7c0da2-0b83-47d7-811b-c42cc6e34aee","Touroll B1 Electric Bike","Touroll","touroll-b1","City style meets electric efficiency. The Touroll B1 turns heads with its sleek, modern silhouette while delivering the reliable performance commuters need. Its 250W motor and 36V 15.6Ah battery combine for up to 90 km on a single charge in assist mode. Walk mode at 6 km/h, five pedal assist levels, mechanical disc brakes with E-brake, and a mechanical shock absorber make every journey smooth and safe. With a 120 kg max load capacity, integrated lights, and 7-speed gears, the B1 is the ideal city companion.","529.99","549.99","https://www.ozeco.co.uk/products/touroll-b1/1.png","[""https://www.ozeco.co.uk/products/touroll-b1/1.png"",""https://www.ozeco.co.uk/products/touroll-b1/2.png"",""https://www.ozeco.co.uk/products/touroll-b1/3.png""]","Electric City Bikes","false","false","250W","36V 15.6Ah","90 km","25 km/h","27.1kg","120 kg",,"[""250W Motor"",""36V 15.6Ah Battery"",""90 km Assist Range"",""Mechanical Disc Brake & E-Brake"",""Mechanical Shock Absorber"",""Walk Mode (6 km/h)"",""5 PAS Levels"",""120 kg Max Load"",""Integrated Lights""]","""2025-11-13T21:02:03.447Z""","0","5'1"" - 6'5"" (155-195 cm)","[]"
"5584ed28-86c4-4061-b1a4-a751ac0320e0","Touroll U1 Electric Bike","Touroll","touroll-u1","The Touroll U1 is a road-legal mountain Electric bike designed and built to UK standards. Powered by a 250W hub motor — keeping it fully compliant with UK e-bike law — it delivers smooth, controlled assistance up to 25 km/h with pedal assist only, all without the need for registration, tax, or a licence. Available in 26-inch and 29-inch wheel sizes, the 36V 13Ah battery (468Wh) provides a max range of 65 km in assist mode, while three pedal assist levels (12/18/25 km/h) let you tune your effort to the terrain. Walk mode at 6 km/h, an IPX4 waterproof rating, disc brakes with e-brake, and a mechanical shock absorber suspension round off a bike that punches well above its price point in both performance and build quality.","429.99","529.99","https://www.ozeco.co.uk/products/touroll-u1/1.png","[""https://www.ozeco.co.uk/products/touroll-u1/1.png"",""https://www.ozeco.co.uk/products/touroll-u1/2.png"",""https://www.ozeco.co.uk/products/touroll-u1/3.png""]","Mountain","false","true","250W Hub Motor","36V 13Ah","65 km","25 km/h","26"" — 21.7 kg | 29"" — 23.5 kg","120 kg",,"[""250W Hub Motor — UK Road Legal"",""25 km/h Speed Limit — UK Compliant"",""Pedal Assist Only — No Licence Required"",""36V 13Ah Battery (468Wh)"",""65 km Max Range (Assist Mode)"",""Pedal Assist: 12 / 18 / 25 km/h"",""Walk Mode: 6 km/h"",""Disc Brakes & E-Brake"",""Mechanical Shock Absorber Suspension"",""CST Tyres — 26\"" or 29\"" Wheel Options"",""IPX4 Waterproof Rating"",""120 kg Max Load""]","""2025-11-13T21:02:03.500Z""","0","26"": 155–190 cm (5'1""–6'3"") | 29"": 160–195 cm (5'3""–6'5"")","[""Electric Bike"",""Charger"",""Pedals"",""Saddle"",""Headlight"",""Taillight"",""LED Display"",""Keys"",""Tool Kit"",""Spoke Reflectors"",""User Manual""]"
"2478ea1f-fca5-4347-9634-ce55a18979ae","Duotts C29 Electric Bike","Duotts","duotts-c29","Trail-ready power meets everyday practicality in the Duotts C29. Sporting massive 29-inch wheels and a muscular 500W motor, it devours hills and rough tracks alike. The generous 48V 15Ah battery keeps you rolling for up to 80 km on a single charge. At 26.5 kg, it is solidly built yet nimble enough for weekend adventures. Front suspension and mechanical disc brakes inspire confidence whether you are navigating forest paths or suburban shortcuts.","684.99","704.99","https://www.ozeco.co.uk/products/duotts-c29/1.png","[""https://www.ozeco.co.uk/products/duotts-c29/1.png"",""https://www.ozeco.co.uk/products/duotts-c29/2.png"",""https://www.ozeco.co.uk/products/duotts-c29/3.png""]","Mountain","true","false","500W","48V 15Ah","80 km","25 km/h","26.5kg","120 kg",,"[""500W Motor"",""Front Suspension"",""29 Inch Wheels"",""Mechanical Disc Brakes""]","""2025-11-13T21:01:51.158Z""","10","5'7"" - 6'7"" (170-200 cm)","[]"
"7af16635-825a-4282-bdd7-8d7c07c0184a","Duotts S26 Electric Bike","Duotts","duotts-s26","For those who refuse to compromise. The Duotts S26 delivers flagship performance with its formidable 750W motor and full-suspension chassis that soaks up roots, rocks, and potholes. Fat 26-inch tyres bite hard on loose surfaces, while the 48V 17.5Ah battery extends your adventures up to 90 km on a single charge. Hydraulic brakes bring you to a confident stop even on steep descents - this is a serious machine for serious riders.","1099.00","1119.00","https://www.ozeco.co.uk/products/duotts-s26/1.png","[""https://www.ozeco.co.uk/products/duotts-s26/1.png"",""https://www.ozeco.co.uk/products/duotts-s26/2.png"",""https://www.ozeco.co.uk/products/duotts-s26/3.png""]","Mountain","true","false","750W","48V 17.5Ah","90 km","28 mph","39.8kg","120 kg",,"[""750W Motor"",""Full Suspension"",""26 Inch Fat Tires"",""Hydraulic Brakes""]","""2025-11-13T21:01:51.155Z""","12","5'7"" - 6'7"" (170-200 cm)","[]"
"a1cc9357-0251-4e7f-b302-dc7f4e6476c3","ENGWE EP-2 3.0 Boost Electric Bike","ENGWE","engwe-ep-2-3-0-boost","The ENGWE EP-2 3.0 Boost is the ultimate folding fat tyre Electric bike, combining powerful performance with smart technology. Featuring a robust 250W motor with an impressive 75Nm torque sensor for natural, responsive pedal assist, this bike delivers exceptional hill-climbing ability and smooth acceleration. The high-capacity battery provides up to 120km range on a single charge with rapid 3.5-hour fast charging. Premium hydraulic disc brakes ensure reliable stopping power in all conditions, while the 20x4.0 inch fat tyres provide excellent stability on any terrain. Smart app connectivity allows you to customise riding modes, track your journeys, and monitor battery status. The compact folding design makes storage and transport effortless, perfect for commuters and adventurers alike.","1149.99","1199.99","/products/engwe-ep-2-3-0-boost/green-1.png","[""/products/engwe-ep-2-3-0-boost/green-1.png"",""/products/engwe-ep-2-3-0-boost/green-2.png"",""/products/engwe-ep-2-3-0-boost/black-1.png"",""/products/engwe-ep-2-3-0-boost/black-2.png""]","Electric Folding Bikes","true","true","250W (75Nm Torque)","48V 13Ah","120 km","25 km/h","32 kg","150 kg","Foldable Aluminium","[""250W Motor with 75Nm Torque Sensor"",""Smart App Control"",""3.5h Fast Charging"",""Hydraulic Disc Brakes"",""20x4.0 Fat Tyres"",""Compact Folding Design"",""120km Long Range"",""Shimano 7-Speed Gears""]","""2025-12-09T07:27:12.168Z""","10","5'4"" - 6'2"" (165-190 cm)","[]"
"f06b3a8f-8216-4cf8-b784-169e4133a166","TWOFISH TF1 26"" Electric Mountain Bike","TWOFISH","twofish-tf1","Versatile performance built for the real world. The TWOFISH TF1 is a capable 26-inch Electric Mountain bike powered by a smooth 250W motor with 45N.M of torque — enough to tackle hills, trails, and daily commutes with ease. The 36V 15Ah battery gives you up to 50 km in full electric mode or 65–100 km in pedal assist, and recharges fully in just 5–6 hours. A front suspension fork absorbs road and trail vibration, disc brakes deliver reliable stopping power in all conditions, and the clear LCD display keeps your speed and battery level always in view. With a 120 kg max load capacity, Shimano 21-speed gears, integrated LED lighting, and a sturdy aluminium alloy frame, the TF1 is a well-rounded Electric bike at a seriously competitive price.","399.99","449.99","/products/twofish-tf1/blue.webp","[""/products/twofish-tf1/blue.webp"",""/products/twofish-tf1/red.webp"",""/products/twofish-tf1/white.webp"",""/products/twofish-tf1/grey.webp"",""/products/twofish-tf1/lifestyle1.jpeg"",""/products/twofish-tf1/lifestyle2.jpeg"",""/products/twofish-tf1/lifestyle3.jpeg""]","Mountain","true","false","250W","36V 15Ah","50 km (electric) / 65-100 km (PAS)","25 km/h","23 kg","120 kg","Aluminium Alloy","[""250W Motor with 45N.M Torque"",""36V 15Ah Removable Battery"",""50 km Electric Range / 65-100 km PAS Range"",""Shimano 21-Speed Gears"",""Front Suspension Fork"",""Disc Brakes"",""26\"" Mountain Tyres"",""LCD Display"",""Integrated LED Lighting"",""120 kg Max Load"",""5-6 Hour Charge Time""]","""2026-02-12T12:51:22.934Z""","20","5'4"" - 6'2"" (165-190 cm)","[]"